Longitudine,Latitudine,Nome_parco_e_indirizzo,Provincia,Sigla_provincia,Regione
6.94048,44.96189,Parco Naturale Val Troncea Pragelato,Torino,TO,Piemonte
7.06513,45.02711,Parco Naturale Orsiera Rocciavre Ss23 Fenestrelle,Torino,TO,Piemonte
7.22243,44.82164,Giardino Pubblico Viale Trento Torre Pellice,Torino,TO,Piemonte
7.24596,44.81425,Giardino Pubblico Via Roma Airali,Torino,TO,Piemonte
7.30881,44.89802,Parco Ornitologico Martinat Strada Sant'antonio Pinerolo,Torino,TO,Piemonte
7.34174,44.89251,parco giochi e campo da basket-Pinerolo-TO,Torino,TO,Piemonte
7.38535,44.77838,Parco Naturale Rocca Di Cavour Via Saluzzo Cavour,Torino,TO,Piemonte
7.39167,45.06179,Parco Naturale Laghi Di Avigliana Via Giaveno Avigliana,Torino,TO,Piemonte
7.3926,45.06266,Parco Naturale Laghi Di Avigliana Corso Laghi Avigliana,Torino,TO,Piemonte
7.41204,44.87416,Parco Comunale Buriasco,Torino,TO,Piemonte
7.59778,44.98936,Parco Naturale Di Stupinigi Strada Del Sestrie Nichelino,Torino,TO,Piemonte
7.6058,44.99742,Parco Naturale Di Stupinigi Ss23 Nichelino,Torino,TO,Piemonte
7.62622,45.01253,Parco Piemonte Strada Castello Di Mirafiori Torino,Torino,TO,Piemonte
7.62794,45.03879,Umberto Boccioni Via Paolo Gaidano Torino,Torino,TO,Piemonte
7.6343,45.05802,Parco Ruffini Viale Leonardo Bistolfi Torino,Torino,TO,Piemonte
7.63876,45.0424,Parco Rignon Torino,Torino,TO,Piemonte
7.6391,45.01802,Giardino Nino Farina Torino,Torino,TO,Piemonte
7.64202,45.01013,Parco Pubblico Gustavo Colonnetti Strada Castello Torino,Torino,TO,Piemonte
7.64273,45.04206,Giardino Atleti Azzurri D'italia Via Filippo Acci Torino,Torino,TO,Piemonte
7.6487,45.02626,Parco Di Vittorio Torino,Torino,TO,Piemonte
7.65284,45.04256,Piazza D'armi Corso Sebastopoli Torino,Torino,TO,Piemonte
7.6645,45.04927,Giardino Cesare Valperga Di Masino Corso Filippo Torino,Torino,TO,Piemonte
7.66726,45.02196,Giardino Corpo Italiano Liberazione Via Ventimigl Torino,Torino,TO,Piemonte
7.66966,45.02745,Giardino Giuseppe Levi Via Ventimiglia Torino,Torino,TO,Piemonte
7.67047,45.01184,Parco Delle Vallere Moncalieri,Torino,TO,Piemonte
7.6817,45.05012,Parco Del Valentino Corso Massimo D'azeglio Torino,Torino,TO,Piemonte
6.88465,45.07278,Gran Bosco Di Salbertrand Ss24 Salbertrand,Torino,TO,Piemonte
6.88534,45.06454,Gran Bosco Del Sanbeltrand Salbertrand,Torino,TO,Piemonte
7.06267,45.09938,Parco Naturale Orsiera Rocciavre Sp172 Meana Di Susa,Torino,TO,Piemonte
7.17047,45.15002,Riserva Nat. Orrido Di Chianocco Chianocco,Torino,TO,Piemonte
7.53817,45.15783,Parco Regionale La Mandria - (TO) Ingr. Bizzarria,Torino,TO,Piemonte
7.54406,45.23466,Stura Di Lanzo Sp25 Villanova Canavese,Torino,TO,Piemonte
7.54426,45.21358,Parco Regionale La Mandria Via Lanzo Robassomero,Torino,TO,Piemonte
7.55986,45.19689,Parco Regionale La Mandria Via Lanzo Robassomero,Torino,TO,Piemonte
7.57228,45.14742,Parco Regionale La Mandria - Druento (TO) Ingr. Druento,Torino,TO,Piemonte
7.5725,45.0908,Giardino Pubblico Altiero Spinelli Via Venaria Collegno,Torino,TO,Piemonte
7.58091,45.07672,Parco Pubblico Della Chiesa Collegno,Torino,TO,Piemonte
7.58503,45.12857,Giardini Pubblici Di Druento Via Arturo Toscanin Druento,Torino,TO,Piemonte
7.61062,45.14183,Parco Regionale La Mandria -Venaria (TO) Ingr. Principale,Torino,TO,Piemonte
7.61409,45.1146,Savonera - Area Giochi,Torino,TO,Piemonte
7.624,45.0666,Giardino Terenzio Grandi Via Fratelli Fornaca Torino,Torino,TO,Piemonte
7.63206,45.13423,Parco Regionale La Mandria Via Giuseppe Ca Venaria Reale,Torino,TO,Piemonte
7.63325,45.1296,Parco Iii Reggimento Alpini Venaria Reale,Torino,TO,Piemonte
7.63781,45.08496,Pellerina Torino,Torino,TO,Piemonte
7.63807,45.08496,Parco Mario Carrara Torino,Torino,TO,Piemonte
7.65202,45.1514,Giardini,Torino,TO,Piemonte
7.65291,45.12995,Parco Chico Mendes Via Lanzo Borgaro Torinese,Torino,TO,Piemonte
7.65569,45.15434,Giardini Di Viacire',Torino,TO,Piemonte
7.65747,45.0702,Giardino Artiglieri Da Montagna Corso Vittorio Em Torino,Torino,TO,Piemonte
7.65784,45.1582,Giardini Campo Da Tennis,Torino,TO,Piemonte
7.6585,45.15482,Giardini Di Via Italia,Torino,TO,Piemonte
7.65906,45.14865,Giardini Don Banche,Torino,TO,Piemonte
7.66022,45.07038,Giardino Giovanni Carlo Cavalli Via Giovanni Falc Torino,Torino,TO,Piemonte
7.66228,45.07329,Giardino Luigi Martini Via Principi D'acaja Torino,Torino,TO,Piemonte
7.67361,45.07054,Giardino Andrea Guglielminetti Via Carlo Promis Torino,Torino,TO,Piemonte
7.67363,45.103,Giardino Don Gnocchi Via Sospello Torino,Torino,TO,Piemonte
7.6791,45.06298,Giardino Di Sambuy Corso Vittorio Emanuele Ii Torino,Torino,TO,Piemonte
7.70944,44.84619,Parco Cascina Vigna Via San Francesco Di Sale Carmagnola,Torino,TO,Piemonte
7.69048,44.9085,Fascia Fluviale Del Po Sp122 Carignano,Torino,TO,Piemonte
7.77403,44.94987,Parco Cavour Via Di Sambuy Santena,Torino,TO,Piemonte
7.68648,45.03038,Parco Europa Via Nuova Torino,Torino,TO,Piemonte
7.70909,45.03038,Parco Della Rimembranza Torino,Torino,TO,Piemonte
7.73718,45.0386,Parco L'eremo Pecetto Torinese,Torino,TO,Piemonte
7.68767,45.04703,Parco Giacomo Leopardi Via Febo Torino,Torino,TO,Piemonte
7.69013,45.05321,Parco Caduti Lager Nazisti Corso Moncalieri Torino,Torino,TO,Piemonte
7.68486,45.05458,Parco Del Valentino Corso Guglielmo Marconi Torino,Torino,TO,Piemonte
7.71,45.05577,Parco Di Villa Genero Strada Comunale Santa Margh Torino,Torino,TO,Piemonte
7.71049,45.05715,Parco Pubblico Di Villa Genero Viale Innocenzo Co Torino,Torino,TO,Piemonte
7.69644,45.06092,Giardino Leone Ginzburg Corso Moncalieri Torino,Torino,TO,Piemonte
7.70519,45.06642,Parco Ignazio Michelotti Viale Suor Giovanna Fran Torino,Torino,TO,Piemonte
7.68802,45.07123,Giardino Reale Via Alessandro Luzio Torino,Torino,TO,Piemonte
7.71532,45.07947,Parco Colletta Via Giulio Carcano Torino,Torino,TO,Piemonte
7.7291,45.08068,Parco Brigata Alpina Taurinense Via Tommaso Agudi Torino,Torino,TO,Piemonte
7.76351,45.10334,Fascia Fluviale Del Po Ponte Nuovo San Mauro Torinese,Torino,TO,Piemonte
7.76768,45.10591,Parco Luigi Enaudi Parco Luigi Einaud San Mauro Torinese,Torino,TO,Piemonte
7.70523,45.10797,Giardini Municipali Corso Giulio Cesare Torino,Torino,TO,Piemonte
7.76229,45.1277,Parco Pertini,Torino,TO,Piemonte
7.9578,45.14701,Oasi Degli Animali - San Sebastiano Da Po,Torino,TO,Piemonte
7.94504,45.17594,Fascia Fluviale Del Po Sp94 San Sebastiano Da Po,Torino,TO,Piemonte
8.10019,45.18127,Fascia Fluviale Del Po Sp107 Verrua Savoia,Torino,TO,Piemonte
7.88009,45.19105,Parco Del Mauriziano Via Foglizzo Chivasso,Torino,TO,Piemonte
7.85235,45.23585,Parco Del Castello Via Silvio Pellico Montanaro,Torino,TO,Piemonte
7.53599,45.24031,Stura Di Lanzo Sp24 Villanova Canavese,Torino,TO,Piemonte
7.50298,45.2611,Stura Di Lanzo Sp1 Cafasse,Torino,TO,Piemonte
7.68767,45.26126,Riserva Naturale Della Vauda Via Al Campo Front,Torino,TO,Piemonte
7.47945,45.26504,Ponte Del Diavolo Sp1 Lanzo Torinese,Torino,TO,Piemonte
7.48156,45.27104,Parco Ponte Del Diavolo Lanzo Torinese,Torino,TO,Piemonte
7.727,45.33044,Parco Castello Di Malgra Via Maurizio Rivarolo Canavese,Torino,TO,Piemonte
7.89539,45.33044,Parco Naturale Del Lago Di Candia Strada Candia Canavese,Torino,TO,Piemonte
7.65284,45.37113,Sacro Monte Di Belmonte Via Dante Alighieri Valperga,Torino,TO,Piemonte
7.63533,45.38433,Sacro Monte Di Belmonte Via Duccio Galimberti Cuorgne,Torino,TO,Piemonte
7.43451,45.42898,Parco Nazionale Del Gran Paradiso Ss46 Locana,Torino,TO,Piemonte
7.23929,45.43156,Borgata Pian Della Balma Borgata Pian Del Ceresole Reale,Torino,TO,Piemonte
7.22866,45.43465,Parco Nazionale Del Gran Parad Ceresole Reale,Torino,TO,Piemonte
7.31295,45.45455,Parco Nazionale Del Gran Paradiso Via Noasca,Torino,TO,Piemonte
8.23064,45.21799,Bosco D. Partecipanza E Lucedio Sp34 Trino,Vercelli,VC,Piemonte
7.93521,45.88182,Parco Naturale Alta Valsesia Alagna Valsesia,Vercelli,VC,Piemonte
8.43406,45.3198,Parco Lungo Sesia Janusz Korczak Via Vincenzo V Vercelli,Vercelli,VC,Piemonte
8.40676,45.32392,Giardini Don Giovanni Brevi Corso Marcello Pres Vercelli,Vercelli,VC,Piemonte
8.41878,45.32976,Parco J. F. Kennedy Parco John Fitzgerald Kenne Vercelli,Vercelli,VC,Piemonte
8.38341,45.44134,Parco Nat. Lame Del Sesia Ss594 Greggio,Vercelli,VC,Piemonte
8.35303,45.5517,Parco Baragge Sp66 Lenta,Vercelli,VC,Piemonte
8.29502,45.57215,Parco Baragge Sp64 Roasio,Vercelli,VC,Piemonte
8.17984,45.89521,Parco Naturale Alta Valsesia Sp80 Rimella,Vercelli,VC,Piemonte
8.4483,45.6142,Parco Baragge Sp22 Ghemme,Novara,NO,Piemonte
8.44573,45.64424,Parco Baragge Sp122 Fontaneto D'agogna,Novara,NO,Piemonte
8.37123,45.68629,Parco Nat. Del Monte Fenera Sp32 Prato Sesia,Novara,NO,Piemonte
8.53431,45.73505,Parco Nat. Lagondi Di Mercurago Via Com Oleggio Castello,Novara,NO,Piemonte
8.5465,45.74158,Parco Naturale Lagoni Di Mercurago Via Gattico Arona,Novara,NO,Piemonte
8.5544,45.76475,Parco Della Rocca Borromea Via Alla Rocca Arona,Novara,NO,Piemonte
8.42547,45.77093,Parco Monte Mesma Sr229 Orta San Giulio,Novara,NO,Piemonte
8.4375,45.77452,Parco Monte Mesma Strada Provinciale Ameno Bolzano Ameno,Novara,NO,Piemonte
8.41347,45.79856,Parco Sacro Monte D'orta Via Panoramica Orta San Giulio,Novara,NO,Piemonte
8.62889,45.43326,Parco Delle Coccinelle Via Premuda Novara,Novara,NO,Piemonte
8.6265,45.43362,Parchetto Bellaria Strada Dell' Ortigara Novara,Novara,NO,Piemonte
8.7351,45.4356,Parco Villa Cicogna Trecate,Novara,NO,Piemonte
8.61962,45.43568,Parco Delle Betulle Viale Giuseppe Verdi Novara,Novara,NO,Piemonte
8.62032,45.43584,Parchetto Della Calderina Via Cadore Novara,Novara,NO,Piemonte
8.62255,45.43635,Campetto Degli Aceri Via Monte Nero Novara,Novara,NO,Piemonte
8.61946,45.43653,Parco Dei Merli Viale Giuseppe Verdi Novara,Novara,NO,Piemonte
8.61001,45.4379,Parco Chalon Sur Saone Via Antonio D'enricis Novara,Novara,NO,Piemonte
8.63113,45.44012,Parco Della Rimembranza Novara,Novara,NO,Piemonte
8.61464,45.44546,Parco Dei Bambini Viale Silvestro Curotti Novara,Novara,NO,Piemonte
8.61688,45.44562,Parco Allea San Luca Piazza Martiri Della Liberta Novara,Novara,NO,Piemonte
8.79421,45.44786,Parco Della Valle Del Ticino Strada Regionale Pa Trecate,Novara,NO,Piemonte
8.61962,45.45095,Giardini Consiglio D'europa Via Solferino Novara,Novara,NO,Piemonte
8.64383,45.45233,Giardini Dottor Cesare Giubertoni Via Marco Polo Novara,Novara,NO,Piemonte
8.6737,45.45404,Parco Della Mora Via Cinque Porte Novara,Novara,NO,Piemonte
8.61007,45.48207,Parco per bambini e pattinaggio a rotelle,Novara,NO,Piemonte
8.71953,45.50812,Parco Della Valle Del Ticino Strada Statale Gal Galliate,Novara,NO,Piemonte
8.68589,45.59394,Parco Della Valle Del Ticino Via Gallarate Oleggio,Novara,NO,Piemonte
8.6176,45.64124,Safari Park + Parco Divertimenti,Novara,NO,Piemonte
8.67146,45.67462,Parco Della Valle Del Ticino Ss336 Varallo Pombia,Novara,NO,Piemonte
8.62633,45.72063,Parco Della Valle Del Ticino Ss Castelletto Sopra Ticino,Novara,NO,Piemonte
7.29149,44.22237,Parco Naturale Argentera Sp239 Valdieri,Cuneo,CN,Piemonte
7.38419,44.28279,Juniperus Phoenicea Di Rocca S.giov Valdieri,Cuneo,CN,Piemonte
7.4011,44.4205,Bio Parco Acqua Viva Caraglio CN,Cuneo,CN,Piemonte
7.49559,44.19474,Riserva Bosco E Laghi Di Palanfre Vernante,Cuneo,CN,Piemonte
7.5265,44.36965,Il Piccolo Parco Della Castagna Via Gimmi Curreno Cuneo,Cuneo,CN,Piemonte
7.53388,44.38476,Parco Caduti Divisione Alpina Cuneo,Cuneo,CN,Piemonte
7.54863,44.38407,Parco Della Resistenza Cuneo,Cuneo,CN,Piemonte
7.55035,44.38906,Giardini Dino Fresia Lungogesso Giovanni Xxiii Cuneo,Cuneo,CN,Piemonte
7.55447,44.38956,Parco Della Gioventu Via Parco Della Gioventu Cuneo,Cuneo,CN,Piemonte
7.66063,44.23799,Parco Alta Valle Pesio E Tanaro Chiusa Di Pesio,Cuneo,CN,Piemonte
7.71326,44.41807,Riserva Naturale Crava Morozzo Sp243 Morozzo,Cuneo,CN,Piemonte
7.74588,44.13702,Parco Alta Valle Pesio E Tanaro Briga Alta,Cuneo,CN,Piemonte
7.90742,44.14522,Parco Pollicino,Cuneo,CN,Piemonte
8.12438,44.39764,Sorgenti Del Belbo Ss661 Camerana,Cuneo,CN,Piemonte
8.14223,44.37567,Sorgenti Del Belbo Ex Ss228bis Montezemolo,Cuneo,CN,Piemonte
7.26522,44.68259,Fascia Fluviale Del Po Sp26 Paesana,Cuneo,CN,Piemonte
7.39328,44.48947,Ciciu Del Villar Villar San Costanzo,Cuneo,CN,Piemonte
7.43591,44.652,Fascia Fluviale Del Po Sp26 Revello,Cuneo,CN,Piemonte
7.45663,44.70903,Fascia Fluviale Del Po Ss589 Saluzzo,Cuneo,CN,Piemonte
7.62468,44.82508,Fascia Fluviale Del Po Ss663 Casalgrasso,Cuneo,CN,Piemonte
7.7536,44.42596,Riserva Naturale Crava Morozzo Sp120 Rocca De' Baldi,Cuneo,CN,Piemonte
7.84063,44.56158,Augusta Bagiennorum Sp3 Bene Vagienna,Cuneo,CN,Piemonte
8.19202,44.90301,Parco Biberach Ander Riss Via Filippo Corridoni Asti,Asti,AT,Piemonte
8.1939,44.9061,Rio Crosio Corso Venticinque Aprile Asti,Asti,AT,Piemonte
8.11923,44.92686,Valleandona E Val Botto Asti,Asti,AT,Piemonte
8.19493,44.90953,Bertrami Via Federico Torretta Asti,Asti,AT,Piemonte
8.20129,44.91194,Parco Bramante Piazzetta Fante D'italia Asti,Asti,AT,Piemonte
8.20164,44.90559,Bosco Dei Partigiani Piazza Vittorio Veneto Asti,Asti,AT,Piemonte
8.20421,44.91175,Parco Divisione Acque Via Ugo Foscolo Asti,Asti,AT,Piemonte
8.20559,44.90885,Parco Barolo Via Salvo D'acquisto Asti,Asti,AT,Piemonte
8.20987,44.90507,Parco Monte Rainero Strada Del Fortino Asti,Asti,AT,Piemonte
8.21142,44.914,Parco Della Certosa Via Dell' Arazzeria Asti,Asti,AT,Piemonte
8.21673,44.88824,Parco Lungotanaro Piazzale Traghetto Asti,Asti,AT,Piemonte
8.31785,44.85821,Parco Naturale Rocchetta Tanaro Rocchetta Tanaro,Asti,AT,Piemonte
8.33312,44.80361,Val Sarmassa Sp40 Vaglio Serra,Asti,AT,Piemonte
8.19305,45.1592,Labirinto Castello di Gabiano Gabiano AL>390142090104,Alessandria,AL,Piemonte
8.277,45.0927,Parco Naturale Sacro Monte Di Crea Sp Serralunga Di Crea,Alessandria,AL,Piemonte
8.33467,45.15346,Fascia Fluviale Del Po Ss455 Morano Sul Po,Alessandria,AL,Piemonte
8.62718,45.04978,Fascia Fluviale Del Po Ss494 Valenza,Alessandria,AL,Piemonte
8.67026,44.89442,Parco Storico Via Genova Alessandria,Alessandria,AL,Piemonte
8.80605,44.59968,Parco Nat. Capanne Di Marcarolo Sp165 Bosio,Alessandria,AL,Piemonte
8.807,44.76654,Parco Aurora area verde minigolf (accesso pedonale),Alessandria,AL,Piemonte
8.81204,44.98232,Giardini pubblici Lea,Alessandria,AL,Piemonte
8.82853,45.0321,Fascia Fluviale Del Po Alzano Scrivia,Alessandria,AL,Piemonte
8.86843,44.72796,Villa Gardella,Alessandria,AL,Piemonte
8.03065,45.47874,Parco Riserva Naturale La Bessa Sp411 Zubiena,Biella,BI,Piemonte
7.99139,45.50812,Parco Riserva Naturale La Bessa Sp412 Mongrando,Biella,BI,Piemonte
8.06105,45.55361,Giardino Carlo Alberto Dalla Chiesa Via Emilia Biella,Biella,BI,Piemonte
8.05125,45.55567,Giardino Padre Brevi Via Virgilio Luisetti Biella,Biella,BI,Piemonte
8.04833,45.55979,Giardino Degli Alpini D'italia Via Alfonso Lamarm Biella,Biella,BI,Piemonte
8.0564,45.56253,Giardino Pubblico Zumaglini Piazza Vittorio Venet Biella,Biella,BI,Piemonte
8.04543,45.56441,Giardino Panoramico Corso Del Piazzo Biella,Biella,BI,Piemonte
8.05589,45.57352,Parco Del Colle Di San Girolamo Via Corradino Sel Biella,Biella,BI,Piemonte
8.00505,45.58567,Parco della Burcina,Biella,BI,Piemonte
8.16197,45.52975,Parco Baragge Sp307 Cossato,Biella,BI,Piemonte
8.24197,45.5373,Parco Baragge Sp315 Castelletto Cervo,Biella,BI,Piemonte
8.06739,45.5512,Giardino Don Irmo Buratti Strada Del Masarone Biella,Biella,BI,Piemonte
8.27665,45.56047,Parco Baragge Sp318 Brusnengo,Biella,BI,Piemonte
7.99,45.95862,Miniera D'oro Della Guia,Verbano-Cusio-Ossola,VB,Piemonte
8.56575,45.92587,Giardini Botanici Villa Taranto Pallanza VB>390323556667,Verbano-Cusio-Ossola,VB,Piemonte
8.48316,45.93709,Riserva Naturale Fondo Toce Via Per Feriolo Verbania,Verbano-Cusio-Ossola,VB,Piemonte
8.59406,45.97385,Parco Verde - Villa Bernocchi,Verbano-Cusio-Ossola,VB,Piemonte
8.48556,45.99478,Parco Nazionale Val Grande Cossogno,Verbano-Cusio-Ossola,VB,Piemonte
8.33412,46.12228,Parco Nazionale Val Grande,Verbano-Cusio-Ossola,VB,Piemonte
8.1927,46.24781,Parco Naturale Alpe Veglia Antrogna,Verbano-Cusio-Ossola,VB,Piemonte
8.16923,46.2519,Parco Naturale Veglia Devero,Verbano-Cusio-Ossola,VB,Piemonte
8.26051,46.31407,Parco Naturale Alpe Devero Antrogna,Verbano-Cusio-Ossola,VB,Piemonte
8.26086,46.31566,Parco Naturale Veglia Devero,Verbano-Cusio-Ossola,VB,Piemonte
8.6167,45.96284,Riserva Naturale Trinita Di Ghiffa Ghiffa,Verbano-Cusio-Ossola,VB,Piemonte
8.67612,46.02117,Parco Degli Agrumi Cannero Riviera VB>390323840809,Verbano-Cusio-Ossola,VB,Piemonte
7.2024,45.66381,Parco Nazionale Del Gran Paradiso Stra Introd,Aosta,AO,Valle d'Aosta
7.64236,45.67411,Parco Naturale Mont Avic Sentiero Di Alpe Di Champdepraz,Aosta,AO,Valle d'Aosta
7.63009,45.67839,Parco Naturale Mont Avic Sentiero Del Lago D Champdepraz,Aosta,AO,Valle d'Aosta
7.70151,45.74968,Col De Joux Sr33 Saint-Vincent,Aosta,AO,Valle d'Aosta
7.55297,45.80212,Area Attrezz. Di Chantorne' Plan Prorion Sr9 Torgnon,Aosta,AO,Valle d'Aosta
7.56728,45.80769,ChatrianAndrea Torgnon(AO) frazChatrian>393477346829,Aosta,AO,Valle d'Aosta
8.70495,45.58948,Parco Lombardo Valle Del Ticino Ss527 Lonate Pozzolo,Varese,VA,Lombardia
8.71013,45.59075,Centro Parco dell'Ex Dogana Austroungarica>3902972101,Varese,VA,Lombardia
8.84865,45.5986,Parco Marinai d'Italia-Busto Arsizio-VA,Varese,VA,Lombardia
8.84726,45.61368,Parco Pubblico Via Alessandro Volta Busto Arsizio,Varese,VA,Lombardia
8.89875,45.64321,Parco Durini Via Roma Gorla Minore,Varese,VA,Lombardia
8.61073,45.72787,Parco Sant'anna Ex Idroscalo,Varese,VA,Lombardia
8.73173,45.73025,Parco Lombardo Valle Del Ticino Via Stazione Mornago,Varese,VA,Lombardia
8.92055,45.73299,Parco Della Pineta Di Appiano Genti Sp19 Tradate,Varese,VA,Lombardia
8.60503,45.73883,Parco Lombardo Valle Del Ticino Via Angera Lisanza,Varese,VA,Lombardia
8.6968,45.78059,Parco Berrini Ternate -VA,Varese,VA,Lombardia
8.87642,45.79213,Parco I Maggio - Malnate VA,Varese,VA,Lombardia
8.88411,45.79587,Parco di Villa Braghenti - Malnate VA,Varese,VA,Lombardia
8.83713,45.81409,Parco di Villa Augusta Varese,Varese,VA,Lombardia
8.81324,45.81717,Parco Di Villa Recalcati Varese,Varese,VA,Lombardia
8.82374,45.81864,Giardini Estensi Varese,Varese,VA,Lombardia
8.82162,45.82489,Parco di Villa Mylius Varese Via Fiume 38,Varese,VA,Lombardia
8.8318,45.825,Ville Ponti Varese,Varese,VA,Lombardia
8.82912,45.82523,Parco di Villa Menafoglio Litta Panza - Propr. FAI Varese,Varese,VA,Lombardia
8.80228,45.82825,Parco Mantegazza Via Cola Di Rienzo Varese,Varese,VA,Lombardia
8.81273,45.8434,Villa Toeplitz Via Del Casluncio Varese VA,Varese,VA,Lombardia
8.87057,45.87587,Parco di Villa Cicogna Mozzoni - Bisuschio VA,Varese,VA,Lombardia
8.75662,45.89057,Parco Del Campo Dei Fiori Sp45 Castello Cabiaglio,Varese,VA,Lombardia
8.77789,45.89881,Parco Del Campo Dei Fiori Sp62 Rancio Valcuvia,Varese,VA,Lombardia
8.71256,45.90634,Villa Della Porta Bozzolo Propr. FAI - Casalzuigno VA,Varese,VA,Lombardia
9.054,45.5905,Parco Pubblico Via Avogadro,Varese,VA,Lombardia
9.0526,45.61763,Minigolf Saronno,Varese,VA,Lombardia
9.04261,45.63943,Parco Del Lura Via Palmiro Togliatti Saronno,Varese,VA,Lombardia
8.97531,45.66622,Comunale Via Vasco De Gama Cislago,Varese,VA,Lombardia
8.91541,45.77642,Parco Della Pineta Di Appiano Genti Via Dante Ali Binago,Como,CO,Lombardia
9.12911,45.74174,Parco Di Villa Argenti Via Dante Cantu,Como,CO,Lombardia
9.06046,45.80062,Giardino Divisione Folgore Via Andrea Bregno Como,Como,CO,Lombardia
9.06647,45.81829,Parco Villa Olmo Via Simone Cantoni Como,Como,CO,Lombardia
8.99676,45.81848,Parco Spina Verde Di Como Via Svizzera Drezzo,Como,CO,Lombardia
9.2486,45.75101,Parco Della Valle Del Lambro Via Aristide Magni Inverigo,Como,CO,Lombardia
9.24345,45.7905,Parco Della Valle Del Lambro Via Nuova Vallassina Merone,Como,CO,Lombardia
9.60686,46.24145,Parco Della Val Masino Ss404 Val Masino,Sondrio,SO,Lombardia
9.62419,46.04919,Parco Delle Orobie Valtellinesi Albaredo Per San Marco,Sondrio,SO,Lombardia
9.60822,46.09722,Parco Delle Orobie Valtellinesi Albaredo Per San Marco,Sondrio,SO,Lombardia
9.87448,46.17124,Giardini Di Palazzo Sertoli Via Del Gesu Sondrio,Sondrio,SO,Lombardia
10.25522,46.46495,Parco Del Livignese Ss301 Valdidentro,Sondrio,SO,Lombardia
10.11375,46.48968,Parco Del Livignese Livigno,Sondrio,SO,Lombardia
10.3498,46.48709,Parco Nazionale Dello Stelvio Ss3 Valdidentro,Sondrio,SO,Lombardia
10.36791,46.47705,Parco Nazionale Dello Stelvio Ss38 Bormio,Sondrio,SO,Lombardia
8.91189,45.37925,Parco lombardo Abbiategrasso,Milano,MI,Lombardia
8.92605,45.39482,Parco Ticino Via Dante Alighieri Abbiategrasso,Milano,MI,Lombardia
8.82168,45.45901,Parco Della Polletta Via Folletta Magnana,Milano,MI,Lombardia
8.84228,45.45919,Parco Lombardo Valle Del Ticino V Boffalora Sopra Ticino,Milano,MI,Lombardia
8.92381,45.46691,Parco Municipale Via Dell' Aventino Corbetta,Milano,MI,Lombardia
8.85377,45.49762,Campetto Multisport Via Antonio Gramsci Mesero MI,Milano,MI,Lombardia
8.85601,45.50125,Parco Comunale Via Papa Giovanni Xxiii Mesero,Milano,MI,Lombardia
8.89704,45.50434,Bimbi Landia Via Francesco Baracca Ossona,Milano,MI,Lombardia
8.73653,45.52769,Villa De Cristoforis Turbigo,Milano,MI,Lombardia
8.77756,45.54296,Parco Lombardo Valle Del Ticino Sp34d Castano Primo,Milano,MI,Lombardia
8.81669,45.54346,Pratone Via Giovanni Xxiii Buscate,Milano,MI,Lombardia
8.92329,45.58451,Parco Castello Legnano,Milano,MI,Lombardia
9.13479,45.3222,Mamoli Via Isonzo Lacchiarella,Milano,MI,Lombardia
9.10698,45.361,Risorgimento Via Risorgimento San Giacomo,Milano,MI,Lombardia
8.99969,45.37714,Avis Via Giuseppe Verdi Gudo Visconti,Milano,MI,Lombardia
9.15023,45.37918,Parco Comunale Numero 1 Rozzano,Milano,MI,Lombardia
9.03487,45.40013,La Baronella Via Pietro Gobetti Gaggiano,Milano,MI,Lombardia
9.07351,45.4113,Parco Agricolo Sud Milano Strada C Trezzano Sul Naviglio,Milano,MI,Lombardia
8.94338,45.41954,Parco Pubblica Di Via Carducci Via Giusue Card Albairate,Milano,MI,Lombardia
8.93599,45.42366,Parco Pubblico Di Via De Gasperi Via Alcide De Albairate,Milano,MI,Lombardia
9.1068,45.42726,Resistenza Via Della Resistenza Corsico,Milano,MI,Lombardia
9.11522,45.42726,Parco Verdi Via Giuseppe Verdi Corsico,Milano,MI,Lombardia
9.10389,45.4355,Parco Fermi Via Per Cesano Boscone Corsico,Milano,MI,Lombardia
9.09702,45.43584,Parco Cabassina Corsico,Milano,MI,Lombardia
9.14371,45.43756,Parco Teramo Barona Viale Faenza Milano,Milano,MI,Lombardia
9.10492,45.44012,Parco Travaglia Corsico,Milano,MI,Lombardia
9.12483,45.45816,Parco Berna Ciclamini Via Berna Milano,Milano,MI,Lombardia
9.11367,45.45867,Parco Dei Fontanili Via Creta Milano,Milano,MI,Lombardia
9.16654,45.45885,Parco Solari Viale Coni Zugna Milano,Milano,MI,Lombardia
9.08827,45.464,Parco Di Baggio Via Anselmo Da Baggio Milano,Milano,MI,Lombardia
9.16277,45.47137,Parco Pallavicino Largo Carabinieri D'italia Milano,Milano,MI,Lombardia
9.10801,45.4779,Parco Di Trenno Milano,Milano,MI,Lombardia
8.99024,45.47962,Parco Arcadia Via Giacomo Matteotti Bareggio,Milano,MI,Lombardia
8.94991,45.47996,Parco Agricolo Sud Milano Sp227 Vittuone,Milano,MI,Lombardia
9.09066,45.48357,Bosco In Citta Via Novara Milano,Milano,MI,Lombardia
8.98956,45.4846,Parco Agricolo Sud Milano Via Magenta Bareggio,Milano,MI,Lombardia
8.95653,45.48509,Parco Lincoln Vittuone (Mi),Milano,MI,Lombardia
9.00347,45.48529,Parco Comunale 8 Marzo Via Novara Bareggio,Milano,MI,Lombardia
8.99402,45.48717,La Bareggeta Via Monte Conero Bareggio,Milano,MI,Lombardia
9.13204,45.48786,Parco Montestella Via Enrico Terzaghi Milano,Milano,MI,Lombardia
9.15229,45.49953,Ex Campo Dei Fiori Viale Degli Ailanti Milano,Milano,MI,Lombardia
9.03092,45.51155,Parco Agricolo Sud Milano Sp130 Rho,Milano,MI,Lombardia
9.00603,45.51361,Monsignor Giuseppe Fumagalli Via Giova Pregnana Milanese,Milano,MI,Lombardia
9.16998,45.32648,Oasi Lacchiarella Lacchiarella,Milano,MI,Lombardia
9.19993,45.34248,Giardinetto,Milano,MI,Lombardia
9.22817,45.43532,Parco Cassinis Via Fabio Massimo Milano,Milano,MI,Lombardia
9.19264,45.44649,Parco Ravizza Largo Ludwig Van Beethoven Milano,Milano,MI,Lombardia
9.22457,45.45061,Parco Alessandrini Via Monte Cimone Milano,Milano,MI,Lombardia
9.18251,45.45695,Parco Delle Basiliche Via Molino Delle Armi Milano,Milano,MI,Lombardia
9.21718,45.45988,Largo Marinai D'italia Largo Marinai D'italia Milano,Milano,MI,Lombardia
9.19606,45.46022,Giardino Della Guastalla Milano,Milano,MI,Lombardia
9.19281,45.4719,Giardini Perego Via Dei Giardini Milano,Milano,MI,Lombardia
9.20258,45.47206,Giardini Pubblici Milano,Milano,MI,Lombardia
9.20071,45.47275,Giardini Della Villa Comunale Via Palestro Milano,Milano,MI,Lombardia
9.17994,45.47293,Parco Sempione Viale Gerolamo Gadio Milano,Milano,MI,Lombardia
9.17117,45.47309,Parco Sempione Viale Giovanni Milton Milano,Milano,MI,Lombardia
9.17323,45.47515,Parco Sempione Piazza Sempione Milano,Milano,MI,Lombardia
9.22148,45.49507,Ex Trotter Via Giuseppe Giacosa Milano,Milano,MI,Lombardia
9.20828,45.49683,Giardini pubblici Via Melchiorre Gioia Milano,Milano,MI,Lombardia
9.17838,45.49935,Parco Bassi Via Livigno Milano,Milano,MI,Lombardia
9.19508,45.50036,Giardini pubblici Via Veglia Milano,Milano,MI,Lombardia
9.22717,45.5021,Giardini pubblici Vi Rancati Milano,Milano,MI,Lombardia
9.1959,45.50224,Giardini pubblici Wanda Osiris Via Veglia Milano,Milano,MI,Lombardia
9.2263,45.50327,Giardini pubblici Via Petrocchi Milano,Milano,MI,Lombardia
9.22078,45.50553,Parco Villa Finzi Via Sant'erlembaldo Milano,Milano,MI,Lombardia
9.19894,45.50651,Giardini pubblici V.le Ca' Granda Milano,Milano,MI,Lombardia
9.22896,45.50707,Giardini pubblici Via Cesalpino Milano,Milano,MI,Lombardia
9.22316,45.50833,Giardini pubblici V.le Monza 223 Milano,Milano,MI,Lombardia
9.22649,45.50872,Giardini pubblici Via Ranzato Milano,Milano,MI,Lombardia
9.21409,45.5109,Giardini pubblici Via Breda Milano,Milano,MI,Lombardia
9.21752,45.51168,Giardini pubblici Via Rucellai Milano,Milano,MI,Lombardia
9.20873,45.51199,Giardini pubblici Via Piero e Alberto Pirelli Milano,Milano,MI,Lombardia
9.22926,45.51351,Giardini pubblici Via Carnovali Milano,Milano,MI,Lombardia
9.21924,45.51379,Giardini pubblici Via Giacometti Milano,Milano,MI,Lombardia
8.93594,45.56376,Minigolf RELAX TIME Canegrate,Milano,MI,Lombardia
8.98217,45.51842,Bosco Wwf Via Delle Tre Campane Vanzago,Milano,MI,Lombardia
8.99917,45.51498,Parco Pubblico Via Nazario Sauro Pregnana Milanese,Milano,MI,Lombardia
9.00518,45.51601,25 Aprile Via Varese Pregnana Milanese,Milano,MI,Lombardia
9.01222,45.5148,Parco Pubblico Via Dei Rovedi Pregnana Milanese,Milano,MI,Lombardia
9.04209,45.53231,Parco Goglio Corso Europa Rho,Milano,MI,Lombardia
9.04345,45.53078,Parco Pome Via Pome Rho,Milano,MI,Lombardia
9.07419,45.56304,Le Querce Via John Fitzgerald Kenned Garbagnate Milanese,Milano,MI,Lombardia
9.11178,45.55823,Parco Regionale Delle Groane Viale Lombardia Bollate,Milano,MI,Lombardia
9.13615,45.51533,Parco Lessona Via Michele Lessona Milano,Milano,MI,Lombardia
9.16413,45.52151,Ex Paolo Pini Via Ippocrate Milano,Milano,MI,Lombardia
9.16808,45.51686,Villa Litta Viale Affori Milano,Milano,MI,Lombardia
9.17751,45.55323,Minigolf Cusano,Milano,MI,Lombardia
9.17994,45.53902,Parco Di Villa Manzoni Via Alessandro Manzoni Cormano,Milano,MI,Lombardia
9.18097,45.52629,Parco Nord Milano Via Daniele Comboni Milano,Milano,MI,Lombardia
9.18216,45.52442,Bosco Di Bruzzano Via Daniele Comboni Milano,Milano,MI,Lombardia
9.1874,45.53269,Parco Della Pace Via Ariosto Bresso,Milano,MI,Lombardia
9.19076,45.54156,Parco Via Don Pozzi Zona Cimitero Con Parcheggio,Milano,MI,Lombardia
9.19211,45.53644,Parco Renzo Rivolta Via Vittorio Veneto Bresso,Milano,MI,Lombardia
9.19629,45.54369,Giardini,Milano,MI,Lombardia
9.19745,45.54357,Nuovo Giardino Pubblico Viale Don Minzoni Ang. Grandi B,Milano,MI,Lombardia
9.19779,45.52998,Ingresso Parco Nord Vi Don Vercesi Bresso,Milano,MI,Lombardia
9.19895,45.53243,Parco Nord Via 20 Settembre Bresso Ingresso Pedoni E Bi,Milano,MI,Lombardia
9.20403,45.54677,Parco Nord Ingresso Via Per Bresso Cinisello Balsamo,Milano,MI,Lombardia
9.21384,45.53437,Parco Nord Ingresso Via Clerici Bresso,Milano,MI,Lombardia
9.21461,45.5335,Parco Nord Milano Sesto San Giovanni,Milano,MI,Lombardia
9.21735,45.55738,Parco Di Villa Ghirlanda Via Sant'ambr Cinisello Balsamo,Milano,MI,Lombardia
9.21959,45.53453,Giardini Stadio Breda Via Fratelli Ba Sesto San Giovanni,Milano,MI,Lombardia
9.2231,45.52173,Parco Villa Panza Milano,Milano,MI,Lombardia
9.22597,45.52191,Giardini pubblici Via Recanati Milano,Milano,MI,Lombardia
9.23005,45.53865,Parco Corridoni Padovani Via V. Padov Sesto San Giovanni,Milano,MI,Lombardia
9.15268,45.5686,Minigolf Miniaturgolf Club Paderno,Milano,MI,Lombardia
9.08621,45.57283,Giardino Serenella Via Serenella Garbagnate Milanese,Milano,MI,Lombardia
9.17838,45.57986,Parco Del Lago Nord Via Valassina Paderno Dugnano,Milano,MI,Lombardia
9.15865,45.58673,Parco Della Pace Via San Martino Paderno Dugnano,Milano,MI,Lombardia
9.16191,45.58929,Parco Del Grugnotorto Viale Bagatti Vals Paderno Dugnano,Milano,MI,Lombardia
9.08775,45.59069,Parco Delle Groane Via Per Senago Cesate,Milano,MI,Lombardia
8.9348,45.60269,Bosco Dei Ronchi Via Colombes Legnano,Milano,MI,Lombardia
9.27126,45.34125,Parco Delle Rimembranze Piazza Della Colonna Carpiano,Milano,MI,Lombardia
9.3303,45.34159,Parco Agricolo Sud Milano Sp17 Riozzo,Milano,MI,Lombardia
9.28293,45.39464,Parco Serenella Via Venticinque Ap San Giuliano Milanese,Milano,MI,Lombardia
9.3224,45.42808,Parco Agricolo Sud Milano Ss415 Peschiera Borromeo,Milano,MI,Lombardia
9.31194,45.43016,Parco Pace Bettola,Milano,MI,Lombardia
9.27229,45.4458,Dottor Giovanni Brichetto Viale Delle Rimembranze Linate,Milano,MI,Lombardia
9.29339,45.44752,Parco Comunale Peschiera Borromeo Via Buzzoni Ni Mezzate,Milano,MI,Lombardia
9.25734,45.45439,Parco Monlue Via Gaudenzio Fantoli Milano,Milano,MI,Lombardia
9.24104,45.45489,Guido Galli Parco Guido Galli Milano,Milano,MI,Lombardia
9.26817,45.46194,Parco Forlanini Milano,Milano,MI,Lombardia
9.28431,45.46519,Parco Idroscalo Novegro,Milano,MI,Lombardia
9.26549,45.47054,Minigolf Adventure Golf,Milano,MI,Lombardia
9.29442,45.47087,Parco Dell'idroscalo Via Circonvallazione Idrosc Segrate,Milano,MI,Lombardia
9.26953,45.47771,Laghetto Redecesio Redecesio,Milano,MI,Lombardia
9.32343,45.47911,Parco Agricolo Sud Milano Sp14 Limito,Milano,MI,Lombardia
9.32681,45.4836,Campo basket - pista pattinaggio - bocce - giochi,Milano,MI,Lombardia
9.32997,45.48802,Giardini Fratelli Bertini Via Monza Seggiano,Milano,MI,Lombardia
9.32207,45.48838,Giardini Ada Negri Via San Carlo Borromeo Seggiano,Milano,MI,Lombardia
9.32396,45.49095,Giardini Cascina Via Galileo Galilei Seggiano,Milano,MI,Lombardia
9.2479,45.49147,Parco Lambro Milano,Milano,MI,Lombardia
9.32172,45.49179,Giardini San Francesco D'assisi Via Walter Toba Seggiano,Milano,MI,Lombardia
9.32791,45.49782,Giardini Carlo Cattaneo Via Carlo Cattaneo Seggiano,Milano,MI,Lombardia
9.32602,45.49797,Giardini Martino Della Torre Via Gabriele D'ann Seggiano,Milano,MI,Lombardia
9.33065,45.49953,Giardini San Matteo Via Don Carrera Pioltello,Milano,MI,Lombardia
9.2486,45.50091,Parco Lambro Via Pusiano Milano,Milano,MI,Lombardia
9.232,45.50202,Parco della Martesana Milano,Milano,MI,Lombardia
9.23223,45.50499,Giardini pubblici Via Liscate Milano,Milano,MI,Lombardia
9.33117,45.50606,Giardini Bonua Via Tiepolo Pioltello,Milano,MI,Lombardia
9.32618,45.50896,Giardini Camunia Via Cimabue Pioltello,Milano,MI,Lombardia
9.32859,45.50915,Giardini Bonvesin Della Riva Via Roma Pioltello,Milano,MI,Lombardia
9.32841,45.50999,Giardini Salvatore Quasimodo Via Roma Pioltello,Milano,MI,Lombardia
9.34027,45.32873,Parco Pubblico Di Cerro Al Lambro Viale Cerro Al Lambro,Milano,MI,Lombardia
9.34164,45.34967,Parco Comunale Di Via Piemonte Via Pi Vizzolo Predabissi,Milano,MI,Lombardia
9.34609,45.35585,Parco Comunale Di Via Melegnano Via M Vizzolo Predabissi,Milano,MI,Lombardia
9.34971,45.35842,Parco Comunale Di Via Rossini Via Gio Vizzolo Predabissi,Milano,MI,Lombardia
9.34197,45.36632,Parco Comunale Di Sarmazzano Viale Sa Vizzolo Predabissi,Milano,MI,Lombardia
9.3715,45.36753,Parco Agricolo Sud Milano Strada Provinciale 138 Dresano,Milano,MI,Lombardia
9.39245,45.41627,Parco Muzza Via Giuseppe Mazzini Paullo,Milano,MI,Lombardia
9.40275,45.42126,Parco San Tarcisio Via Alessandro Manzoni Paullo,Milano,MI,Lombardia
9.41236,45.42279,Parco Agricolo Sud Milano Ss415 Paullo,Milano,MI,Lombardia
9.34885,45.43532,Parco Chico Mendes Via Guglielmo Oberdan Pantigliate,Milano,MI,Lombardia
9.41271,45.47945,Parco Italia Via Antonio Gramsci Liscate,Milano,MI,Lombardia
9.4291,45.48043,Parco Agricolo Sud Milano Sp14 Liscate,Milano,MI,Lombardia
9.41425,45.48065,Parco Largo Bersaglieri D'italia Via Xxv Aprile Liscate,Milano,MI,Lombardia
9.45355,45.48133,Parco Dell'adda Nord Sp14 Truccazzano,Milano,MI,Lombardia
9.42593,45.49473,Parco Grazia Deledda Via Pietro Mascagni Melzo,Milano,MI,Lombardia
9.42471,45.50537,Parco Vittorio Bachelet Piazzale Milite Ignoto Melzo,Milano,MI,Lombardia
9.33409,45.50606,Giardini Genesio Fumagalli Via Francesco Cilea Pioltello,Milano,MI,Lombardia
9.33615,45.5069,Giardini Ernesto Rossi Via Richard Wagner Pioltello,Milano,MI,Lombardia
9.23229,45.5144,Giardini pubblici Via Tremelloni Milano,Milano,MI,Lombardia
9.24448,45.52201,Giardini Di Via Marx Via Carlo Marx Sesto San Giovanni,Milano,MI,Lombardia
9.26473,45.54605,Parco Falk Via Giorgio Falck San Maurizio Al Lambro,Milano,MI,Lombardia
9.32894,45.52579,Parco Trabattoni Via Pietro Da Cer Cernusco Sul Naviglio,Milano,MI,Lombardia
9.34151,45.52331,Parco Azzurro dei Germani - entrata principale - Cernusco,Milano,MI,Lombardia
9.34681,45.5243,Parco Azzurro dei Germani - entrata/parcheggio - Cernusco,Milano,MI,Lombardia
9.37236,45.53799,Parco Casnati Bussero,Milano,MI,Lombardia
9.37407,45.5349,Parco Garibaldi Via Giuseppe Garibaldi Bussero,Milano,MI,Lombardia
9.40583,45.52785,Parco Sola Caviati Via Giuseppe Parini Gorgonzola,Milano,MI,Lombardia
9.42644,45.53696,Parco Agricolo Sud Milano Strada Statale Pada Gorgonzola,Milano,MI,Lombardia
9.49956,45.61386,Parco Dell'adda Nord Via E. Brasca Trezzo Sull'adda,Milano,MI,Lombardia
9.51132,45.54167,Parco Dell'adda Nord Sp104 Cassano D'adda,Milano,MI,Lombardia
9.51261,45.52373,Parco Europa Viale Europa Cassano D'adda,Milano,MI,Lombardia
9.5157,45.52819,Parco Del Bersagliere Via Venezia Cassano D'adda,Milano,MI,Lombardia
9.52167,45.58544,Parco Dell'adda Nord Sp104 Vaprio D'adda,Milano,MI,Lombardia
9.52515,45.52236,Parco Dell'adda Nord Ss11 Cassano D'adda,Milano,MI,Lombardia
9.52068,45.50587,Parco Dell'adda Nord Sp140 Casirate D'adda,Bergamo,BG,Lombardia
9.53682,45.57695,Parco Dell'adda Nord Ss525 Canonica D'adda,Bergamo,BG,Lombardia
9.56852,45.61423,Bosco Itala Parco Del Basso Brembo,Bergamo,BG,Lombardia
9.57587,45.53631,Giardini Pubblici - Parco Giochi Per Bambini,Bergamo,BG,Lombardia
9.59576,45.52284,Giardini Pubblici,Bergamo,BG,Lombardia
9.60711,45.70827,Parco Dei Colli Di Bergamo Ss470dir Mozzo,Bergamo,BG,Lombardia
9.45545,45.74123,Parco Dell'adda Nord Strada Statale Br Cisano Bergamasco,Bergamo,BG,Lombardia
9.59619,45.88576,Parco Delle Orobie Bergamasche Sp25 Taleggio,Bergamo,BG,Lombardia
9.69149,45.46846,Parco Del Serio Ss591 Mozzanica,Bergamo,BG,Lombardia
9.73353,45.58723,Parco Del Serio Sp122 Cologno Al Serio,Bergamo,BG,Lombardia
9.74899,45.64714,Parco Del Serio Via Cassinone Seriate,Bergamo,BG,Lombardia
9.86176,45.51411,Parco Dell'oglio Nord Strada Statale Padana Super Calcio,Bergamo,BG,Lombardia
9.96101,45.66594,Live Minigolf Sarnico,Bergamo,BG,Lombardia
9.94606,45.67187,Parco Dell'oglio Nord Sp91 Sarnico,Bergamo,BG,Lombardia
9.67105,45.68647,Parco Malpensata Piazzale Della Malpensata Bergamo,Bergamo,BG,Lombardia
9.63809,45.69197,Parco Loreto Via Broseta Bergamo,Bergamo,BG,Lombardia
9.65252,45.69437,Parco Diaz Via Armando Diaz Bergamo,Bergamo,BG,Lombardia
9.65853,45.69437,Parco Fratelli Locatelli Via Armando Diaz Bergamo,Bergamo,BG,Lombardia
9.67294,45.69815,Parco Caprotti Via Dei Partigiani Bergamo,Bergamo,BG,Lombardia
9.67792,45.69918,Parco Marenzi Via Teodoro Frizzoni Bergamo,Bergamo,BG,Lombardia
9.67671,45.70106,Parco Suardi Via San Giovanni Bergamo,Bergamo,BG,Lombardia
9.66625,45.70243,Parco Sant'agostino Viale Delle Mura Bergamo,Bergamo,BG,Lombardia
9.67123,45.7033,Mura Venete Viale Delle Mura Bergamo,Bergamo,BG,Lombardia
9.66711,45.70381,Parco Della Rocca E Fauna Orobica Bergamo,Bergamo,BG,Lombardia
9.65904,45.70587,La Crotta Passaggio Della Torre Di Adalberto Bergamo,Bergamo,BG,Lombardia
9.65904,45.70793,Giardino Botanico Bergomense Via Cost Bergamo,Bergamo,BG,Lombardia
9.65114,45.70861,Parco Del Castello Di San Vigilio Via Al Castell Bergamo,Bergamo,BG,Lombardia
9.69406,45.71033,Parco Redona Via Montello Bergamo,Bergamo,BG,Lombardia
9.68924,45.71495,Parco Goisis Via Angelo Goisis Bergamo,Bergamo,BG,Lombardia
9.609,45.72686,Parco Dei Colli Di Bergamo Ss470dir Paladina,Bergamo,BG,Lombardia
9.62384,45.73608,Parco Dei Colli Di Bergamo Ss470 Alme,Bergamo,BG,Lombardia
9.61093,45.75344,Parco Dei Colli Di Bergamo Ss470 Villa D'alme,Bergamo,BG,Lombardia
9.6084,45.76353,Parco Dei Colli Di Bergamo Ss470 Villa D'alme,Bergamo,BG,Lombardia
9.61956,45.88732,Parco Delle Orobie Bergamasche Sp25 San Giovanni Bianco,Bergamo,BG,Lombardia
9.92597,45.92507,Parco Delle Orobie Bergamasche Sp49 Ardesio,Bergamo,BG,Lombardia
9.67053,45.9383,Parco Delle Orobie Bergamasche Ss470 Lenna,Bergamo,BG,Lombardia
10.1105,45.93864,Parco Delle Orobie Bergamasche Ss294 Colere,Bergamo,BG,Lombardia
10.21796,46.05091,Parco Delle Orobie Bergamasche Ss294 Schilpario,Bergamo,BG,Lombardia
9.86005,45.56235,Parco Dell'oglio Nord Ss469 Pontoglio,Brescia,BS,Lombardia
9.88632,45.60356,Parco Dell'oglio Nord Sp84 Palazzolo Sull'oglio,Brescia,BS,Lombardia
9.90091,45.47224,Parco Dell'oglio Nord Sp2 Roccafranca,Brescia,BS,Lombardia
9.94258,45.65201,Parco Dell'oglio Nord Ss469 Paratico,Brescia,BS,Lombardia
9.97279,45.56822,Parco San Pietro,Brescia,BS,Lombardia
9.98931,45.30212,Parco Dell'oglio Nord Spix Quinzano D'oglio,Brescia,BS,Lombardia
9.99938,45.57061,Castello Quistini V.sopramura Visita Il Ros,Brescia,BS,Lombardia
10.16252,45.54914,Badia Giardino Pubblico Via Prima Villaggio Badia,Brescia,BS,Lombardia
10.17523,45.53335,Parco Mella Via Orzinuovi Brescia,Brescia,BS,Lombardia
10.20179,45.6264,Parco Villa Glisenti,Brescia,BS,Lombardia
10.20645,45.52751,Parco Gallo Via Cefalonia Brescia,Brescia,BS,Lombardia
10.22535,45.54124,Castello Via Del Castello Brescia,Brescia,BS,Lombardia
10.23754,45.5718,Parco Benedetto Castelli Via Benedetto Castelli Brescia,Brescia,BS,Lombardia
10.24938,45.53025,Parco Ducos Viale Piave Brescia,Brescia,BS,Lombardia
10.45382,45.92044,Parco Dell'adamello Ss669 Breno,Brescia,BS,Lombardia
10.50189,45.60184,Parco Dell'alto Garda Bresciano Spv Salo,Brescia,BS,Lombardia
10.50936,45.61167,Parco Dell'alto Garda Bresciano Strada Statale Gard Salo,Brescia,BS,Lombardia
10.51562,45.58227,Parco Dell'alto Garda Bresciano Sp25 Salo,Brescia,BS,Lombardia
10.51941,45.58398,Parco Dell'alto Garda Bresciano Ss572 Salo,Brescia,BS,Lombardia
10.58069,45.75048,Parco Dell'alto Garda Bresciano Sp58 Valvestino,Brescia,BS,Lombardia
10.60076,45.63309,Parco Dell'alto Garda Bresciano Toscolano Maderno,Brescia,BS,Lombardia
10.82561,45.8376,Parco Dell'alto Garda Bresciano Strada Limone Sul Garda,Brescia,BS,Lombardia
10.31787,46.08971,Parco Dell'adamello Strada Statale Del Tonale Berzo Demo,Brescia,BS,Lombardia
10.34152,46.19012,Parco Dell'adamello Ss42 Edolo,Brescia,BS,Lombardia
10.345,46.08385,Parco Dell'adamello Ss42 Cevo,Brescia,BS,Lombardia
10.36229,46.22356,Parco Dell'adamello Ss42 Incudine,Brescia,BS,Lombardia
10.37005,46.07373,Parco Dell'adamello Sp6 Cevo,Brescia,BS,Lombardia
10.5001,46.2532,Parco Dell'adamello Ss42 Ponte Di Legno,Brescia,BS,Lombardia
10.50911,46.30118,Parco Nazionale Dello Stelvio Ponte Di Legno,Brescia,BS,Lombardia
10.52241,46.25793,Parco Dell'adamello Ss42 Ponte Di Legno,Brescia,BS,Lombardia
10.52949,46.24943,Parco Dell'adamello Ss42 Ponte Di Legno,Brescia,BS,Lombardia
8.9011,45.10388,Parco Gioco Per Bimbi E Verde Pubblico,Pavia,PV,Lombardia
8.9312,45.18059,Parco Lombardo Valle Del Ticino Sp206 Garlasco,Pavia,PV,Lombardia
9.00603,44.99055,Giardini Sandro Pertini Via Carlo Covini Voghera,Pavia,PV,Lombardia
9.06595,45.15792,Parco Lombardo Valle Del Ticino Sp19 Carbonara Al Ticino,Pavia,PV,Lombardia
9.13255,45.18315,Parco Della Valle Del Ticino Pavia,Pavia,PV,Lombardia
9.14043,45.22623,Parco Lombardo Valle Del Ticino Ss35 Pavia,Pavia,PV,Lombardia
9.14336,45.18521,Parco Ticinello Via Giuseppe Verdi Pavia,Pavia,PV,Lombardia
9.16173,45.19936,Ingresso Parco della Vernavola da Via Acerbi,Pavia,PV,Lombardia
9.16345,45.19913,Parco Della Vernavola Pavia,Pavia,PV,Lombardia
9.16787,45.21849,Parco del Castello Mirabello PV,Pavia,PV,Lombardia
9.22591,45.22148,Oasi Di Sant'alessio Con Vialone,Pavia,PV,Lombardia
9.27847,45.16445,Parco Lombardo Valle Del Ticino Ss234 Linarolo,Pavia,PV,Lombardia
8.59161,45.28962,Parco Giochi Villa Pallavicino- via Palestro - Robbio(PV),Pavia,PV,Lombardia
8.57349,45.33108,Giardini Publici Parabiago,Pavia,PV,Lombardia
8.80158,45.28273,Parco Lombardo Valle Del Ticino Ss494 Vigevano,Pavia,PV,Lombardia
8.85258,45.31568,Parco Parri Corso Anita Garibaldi Vigevano,Pavia,PV,Lombardia
9.77705,45.2214,Parco Dell'adda Sud Sp13 Formigara,Cremona,CR,Lombardia
9.78641,45.22658,Parco Dell'adda Sud Sp38 Formigara,Cremona,CR,Lombardia
10.23736,45.21561,Parco Dell'oglio Nord Sp83 Gabbioneta-Binanuova,Cremona,CR,Lombardia
10.24526,45.2302,Parco Dell'oglio Sud Sp94 Ostiano,Cremona,CR,Lombardia
10.24835,45.21955,Parco Dell'oglio Sud Sp83 Ostiano,Cremona,CR,Lombardia
10.30998,45.21183,Parco Dell'oglio Sud Sp83 Volongo,Cremona,CR,Lombardia
9.49545,45.36391,Parco Dell'adda Sud Sp1 Boffalora D'adda,Cremona,CR,Lombardia
9.48017,45.39928,Parco Dell'adda Sud Ss415 Spino D'adda,Cremona,CR,Lombardia
9.50403,45.44459,Parco Dell'adda Sud Sp1 Rivolta D'adda,Cremona,CR,Lombardia
9.50541,45.47499,Parco Dell'adda Sud Strada Provinciale Ri Rivolta D'adda,Cremona,CR,Lombardia
9.6611,45.35654,Bonaldi Viale Europa Crema,Cremona,CR,Lombardia
9.68548,45.35929,Campo Di Mare Via Giovanni Vailati Crema,Cremona,CR,Lombardia
9.69097,45.33852,Parco Del Serio Ss591 Ripalta Cremasca,Cremona,CR,Lombardia
9.69731,45.36375,Parco Del Serio Via Luigi Cadorna Crema,Cremona,CR,Lombardia
9.70221,45.29529,Parco Del Serio Ss591 Montodine,Cremona,CR,Lombardia
9.70333,45.41146,Parco Del Serio Sp64 Pianengo,Cremona,CR,Lombardia
9.71277,45.34967,Parco Del Serio Ss415 Madignano,Cremona,CR,Lombardia
9.71654,45.48202,Parco Del Serio Ss11 Castel Gabbiano,Cremona,CR,Lombardia
9.72684,45.28805,Parco Del Serio Sp14 Ripalta Arpina,Cremona,CR,Lombardia
9.72838,45.37559,Parco Del Serio Via Brescia Offanengo,Cremona,CR,Lombardia
9.73964,45.26118,Parco Dell'adda Sud Sp13 Gombito,Cremona,CR,Lombardia
9.87345,45.33903,Parco Dell'oglio Nord Ss498 Genivolta,Cremona,CR,Lombardia
10.07892,45.26382,Parco Dell'oglio Nord Ss45bis Robecco D'oglio,Cremona,CR,Lombardia
10.74789,45.15277,Giardini Aronne Verona Via Fratelli Cervi Castelnuovo,Mantova,MN,Lombardia
10.76968,45.15586,Cippodi Belfiore Via Silvio Pellico Mantova,Mantova,MN,Lombardia
10.78771,45.15636,Giardini Valentini Via Anton Maria Viani Mantova,Mantova,MN,Lombardia
10.78977,45.16497,Parco Del Mincio Mantova,Mantova,MN,Lombardia
10.79251,45.16548,Giardini Fraccalini Viale Mincio Mantova,Mantova,MN,Lombardia
10.78822,45.1725,Nuovo Parco Andreas Hofer Piazzale Porta Giul Cittadella,Mantova,MN,Lombardia
10.79286,45.1799,Giardini J. Handr Via Benedetto Croce Cittadella,Mantova,MN,Lombardia
10.77243,45.18452,Parco Del Mincio Via Brescia Mantova,Mantova,MN,Lombardia
10.32818,45.19192,Parco Dell'oglio Sud Sp2 Casalromano,Mantova,MN,Lombardia
10.66819,45.20174,Parco Del Mincio Sp23 Rodigo,Mantova,MN,Lombardia
10.7384,45.22246,Parco Del Mincio Ss236 Marmirolo,Mantova,MN,Lombardia
10.66446,45.23106,Parco Del Mincio Sp23 Goito,Mantova,MN,Lombardia
10.79493,45.14402,Bosco Virgiliano Via Parma Mantova,Mantova,MN,Lombardia
10.80058,45.15913,Giardini Marani Lungo Lago Dei Gonzaga Mantova,Mantova,MN,Lombardia
10.79767,45.16307,Giardini Faccioli Viale Mincio Mantova,Mantova,MN,Lombardia
10.51407,45.32653,Parco di Medole,Mantova,MN,Lombardia
10.68575,45.42005,Parco Del Mincio Sp19 Ponti Sul Mincio,Mantova,MN,Lombardia
10.69552,45.25542,Parco Del Mincio Sp17 Goito,Mantova,MN,Lombardia
10.70514,45.23791,Parco Del Mincio Ss236 Goito,Mantova,MN,Lombardia
10.73124,45.28067,Parco Del Mincio Sp21 Goito,Mantova,MN,Lombardia
9.383,45.67755,Parco Di Montevecchia E Della Valle Osnago,Lecco,LC,Lombardia
9.44962,45.68217,Parco Dell'adda Nord Sp54 Paderno D'adda,Lecco,LC,Lombardia
9.35673,45.70243,Parco Di Montevecchia E Della Valle Sp54 Missaglia,Lecco,LC,Lombardia
9.35262,45.73505,Parco Di Montevecchia E Della Valle Sp68 Perego,Lecco,LC,Lombardia
9.42523,45.77418,Parco Dell'adda Nord Sp72 Olginate,Lecco,LC,Lombardia
9.39969,45.84171,Giardino Pubblico Via Guado Lecco,Lecco,LC,Lombardia
9.39622,45.84183,Parco Del Monte Barro Ss583 Pescate,Lecco,LC,Lombardia
9.38863,45.85415,Giardini Pubblici Lungolago Europa Lecco,Lecco,LC,Lombardia
9.41287,45.85419,Parco Belfiore Via Belfiore Lecco,Lecco,LC,Lombardia
9.4127,45.85424,Giardini Pubblici Lecco Via Redipuglia,Lecco,LC,Lombardia
9.39899,45.85901,Giardini Pubblici Lecco,Lecco,LC,Lombardia
9.40116,45.86494,Giardino Pubblico Via Adamello-Lecco,Lecco,LC,Lombardia
9.39919,45.86615,Giardini Parchi Giochi-Lecco-LC,Lecco,LC,Lombardia
9.39753,45.86782,Parco Comunale Lecco,Lecco,LC,Lombardia
9.39297,45.90496,Parco Delle Grigne Piani Resinelli,Lecco,LC,Lombardia
9.39863,45.90568,Parco Delle Grigne Ballabio,Lecco,LC,Lombardia
9.31177,45.94105,Parco Delle Grigne Sp72 Mandello Del Lario,Lecco,LC,Lombardia
9.31777,46.0298,Parco Delle Grigne Sp62 Bellano,Lecco,LC,Lombardia
9.58265,45.27465,Parco Dell'adda Sud Sp169 Cavenago D'adda,Lodi,LO,Lombardia
9.49886,45.30751,Parco di Via Fascetti,Lodi,LO,Lombardia
9.49477,45.311,Parco di Via Gandini,Lodi,LO,Lombardia
9.49901,45.31489,Parco Isola Carolina,Lodi,LO,Lombardia
9.51037,45.32083,Parco Dell'adda Sud Ss235 Lodi,Lodi,LO,Lombardia
9.59,45.34,Castello Quistini V. Sopramura 3 Rovato Visite Guidate,Lodi,LO,Lombardia
9.49785,45.34365,Parco Dell'adda Sud Sp25 Lodi,Lodi,LO,Lombardia
9.43467,45.38727,Parco Dell'adda Sud Sp16d Zelo Buon Persico,Lodi,LO,Lombardia
9.22301,45.5857,Milano Via Lodi Muggio,Monza e della Brianza,MB,Lombardia
9.22937,45.59341,Parco Pubblico Della Villa Comunale Piazza Giacom Muggio,Monza e della Brianza,MB,Lombardia
9.13924,45.5936,Volontari Del Soccorso Via Trieste Limbiate,Monza e della Brianza,MB,Lombardia
9.15865,45.59566,Parco Di Villa Bagatti Valsecchi Vicolo Al Viale Varedo,Monza e della Brianza,MB,Lombardia
9.15795,45.59822,Primo Maggio Via Bagatti Valsecchi Varedo,Monza e della Brianza,MB,Lombardia
9.11917,45.60028,Parco Mella Via Dante Alighieri Limbiate,Monza e della Brianza,MB,Lombardia
9.11281,45.60202,Ragazzi Dell'elba Parco Ragazzi Dell'elba Limbiate,Monza e della Brianza,MB,Lombardia
9.21529,45.6142,Parco Di Desio Piazzale Del Parco Desio,Monza e della Brianza,MB,Lombardia
9.16259,45.63909,Giardini Delle Rogge Via Salvo D'acquisto Baruccana,Monza e della Brianza,MB,Lombardia
9.23132,45.65012,Parco San Salvatore,Monza e della Brianza,MB,Lombardia
9.12226,45.65127,Parco Ex Tiro A Segno Via Longoni Barlassina,Monza e della Brianza,MB,Lombardia
9.15007,45.65145,Bosco Delle Querce Via Vignazzola Meda,Monza e della Brianza,MB,Lombardia
9.22714,45.68064,Giardini Madre Teresa Di Calcutta Via Del Verano Brianza,Monza e della Brianza,MB,Lombardia
9.22782,45.68526,Giardini Daniele Comboni Piazza Della Mad Verano Brianza,Monza e della Brianza,MB,Lombardia
9.21547,45.70774,Laghetto Di Giussano Via Vigano Giussano,Monza e della Brianza,MB,Lombardia
9.21924,45.71495,Parco Della Valle Del Lambro Sp102 Giussano,Monza e della Brianza,MB,Lombardia
9.26704,45.61524,Minigolf al coperto Vedano>390392494581,Monza e della Brianza,MB,Lombardia
9.2692,45.62776,Giardini Padani Piazza Liberta Biassono,Monza e della Brianza,MB,Lombardia
9.27056,45.59703,Parco Di Monza Viale Brianza Monza,Monza e della Brianza,MB,Lombardia
9.27297,45.64527,Parco Pubblico Di Sovico Via Martiri Del Terroris Sovico,Monza e della Brianza,MB,Lombardia
9.27486,45.60837,Parco Valle Lambro Via Ambrogio Villa Vedano Al Lambro,Monza e della Brianza,MB,Lombardia
9.2776,45.60974,Parco Di Monza Via Enzo Ferrari Vedano Al Lambro,Monza e della Brianza,MB,Lombardia
9.29477,45.58245,Parco,Monza e della Brianza,MB,Lombardia
9.33718,45.59188,Parco Di Villa Zoja Concorezzo,Monza e della Brianza,MB,Lombardia
9.36979,45.61214,Parco Trotti Via Emilio Cereda Vimercate,Monza e della Brianza,MB,Lombardia
9.37133,45.61661,Parco Gussi Via Giuseppe Mazzini Vimercate,Monza e della Brianza,MB,Lombardia
9.37563,45.61008,Parco Sottocasa Via Carlo Galbussera Vimercate,Monza e della Brianza,MB,Lombardia
9.26525,45.65092,Parco Pubblico Via Alcide De Gasperi Sovico,Monza e della Brianza,MB,Lombardia
9.34303,45.65142,Villa Scaccabarozzi Di Velate Milanese,Monza e della Brianza,MB,Lombardia
9.25992,45.65678,Villa Campiello Via Dante Alighieri Albiate,Monza e della Brianza,MB,Lombardia
9.24894,45.65798,Parco Comunale Albiate Via Sant'ambrogio Albiate,Monza e della Brianza,MB,Lombardia
9.27571,45.67034,Parco Della Valle Del Lambro Via Armando Diaz Triuggio,Monza e della Brianza,MB,Lombardia
9.23367,45.68355,Parco Fontanelle Viale Giuseppe Garibaldi Carate Brianza,Monza e della Brianza,MB,Lombardia
9.28001,45.72647,Parco Donatori Di Sangue Via Madonnina Renate,Monza e della Brianza,MB,Lombardia
10.46086,46.63764,Parco Nazionale Dello Stelvio Ss41 Tubre,Bolzano,BZ,Trentino-Alto Adige
10.47142,46.53268,Parco Nazionale Dello Stelvio Ss38 Stelvio,Bolzano,BZ,Trentino-Alto Adige
10.5043,46.66682,Parco Nazionale Dello Stelvio Malles Venosta,Bolzano,BZ,Trentino-Alto Adige
10.57141,46.65155,Parco Nazionale Dello Stelvio Sp106 Sluderno,Bolzano,BZ,Trentino-Alto Adige
10.60575,46.62665,Parco Nazionale Dello Stel Prato Allo Stelvio,Bolzano,BZ,Trentino-Alto Adige
10.92864,46.73086,Parco Naturale Gruppo Di Tessa Senales,Bolzano,BZ,Trentino-Alto Adige
11.11987,46.88621,Parco Naturale Gruppo Di Tessa Ss44bis Moso In Passiria,Bolzano,BZ,Trentino-Alto Adige
11.1477,46.62599,Labirinto e Sette Giardini Cermes BZ>390473564549,Bolzano,BZ,Trentino-Alto Adige
11.16475,46.6691,Parco Elisabetta Merano,Bolzano,BZ,Trentino-Alto Adige
11.18321,46.23561,Parco Naturale Monte Corno Strada Statale Dell'a Salorno,Bolzano,BZ,Trentino-Alto Adige
11.2833,46.27235,Parco Naturale Monte Corno Salorno,Bolzano,BZ,Trentino-Alto Adige
11.37703,46.26496,Parco Naturale Monte Corno Ss612 Anterivo,Bolzano,BZ,Trentino-Alto Adige
11.36209,46.32659,Parco Naturale Monte Corno Sp59 Trodena,Bolzano,BZ,Trentino-Alto Adige
11.58337,46.48263,Parco Naturale Dello Sciliar Tires,Bolzano,BZ,Trentino-Alto Adige
11.49427,46.4859,Parco Naturale Dello Sciliar Tiers Land Fie Allo Sciliar,Bolzano,BZ,Trentino-Alto Adige
11.33205,46.49586,Parco Rosegger Via Capri Bolzano,Bolzano,BZ,Trentino-Alto Adige
11.35676,46.49705,Parco Stazione Viale Della Stazione Bolzano,Bolzano,BZ,Trentino-Alto Adige
11.34562,46.50307,Parco Petrarca Via Luigi Cadorna Bolzano,Bolzano,BZ,Trentino-Alto Adige
11.33755,46.50513,Parco Ducale Via Egger Lienz Bolzano,Bolzano,BZ,Trentino-Alto Adige
11.54181,46.53379,Parco Naturale Dello Sciliar Sp24 Castelrotto,Bolzano,BZ,Trentino-Alto Adige
11.95742,46.55989,Parco Di Fanes Sennes E Braies Strada Provinciale Badia,Bolzano,BZ,Trentino-Alto Adige
11.78643,46.56864,Parco Naturale Puez Odle Strada Dan Selva Di Val Gardena,Bolzano,BZ,Trentino-Alto Adige
11.79125,46.57207,Parco Naturale Puez Odle Strada Dan Selva Di Val Gardena,Bolzano,BZ,Trentino-Alto Adige
11.74559,46.66014,Parco Naturale Puez Odle Sp163 Funes,Bolzano,BZ,Trentino-Alto Adige
11.80377,46.67213,Parco Naturale Puez Odle Sp29 San Martino In Badia,Bolzano,BZ,Trentino-Alto Adige
12.08512,46.69926,Parco Di Fanes Sennes E Braies Strada Provinciale Braies,Bolzano,BZ,Trentino-Alto Adige
12.0726,46.81322,Parco Naturale Vedrette Di Ries Strada Rasun Anterselva,Bolzano,BZ,Trentino-Alto Adige
12.19237,46.89007,Parco Naturale Vedrette Di Ries Strada Rasun Anterselva,Bolzano,BZ,Trentino-Alto Adige
11.99621,46.91711,Parco Naturale Vedrette Di Ries Rein Landstr Campo Tures,Bolzano,BZ,Trentino-Alto Adige
12.23069,46.63386,Parco Naturale Dolomiti Di Sesto Ss51 Dobbiaco,Bolzano,BZ,Trentino-Alto Adige
12.41983,46.65615,Parco Naturale Dolomiti Di Sesto Ss52 Sesto,Bolzano,BZ,Trentino-Alto Adige
12.30772,46.71699,Parco Naturale Dolomiti Di Sesto Ss52 San Candido,Bolzano,BZ,Trentino-Alto Adige
12.22572,46.72005,Parco Naturale Dolomiti Di Sesto Ss51 Dobbiaco Nuovo,Bolzano,BZ,Trentino-Alto Adige
11.12341,46.05471,Giardino Alexander Langer Trento TN,Trento,TN,Trentino-Alto Adige
11.13122,46.00774,Parco di Mattarello Via della Torre Franca Trento TN,Trento,TN,Trentino-Alto Adige
11.13481,46.05469,Parco Di Gocciadoro Via Gocciadoro Trento,Trento,TN,Trentino-Alto Adige
11.30557,46.00974,Parco di Levico,Trento,TN,Trentino-Alto Adige
10.69178,46.29838,Giardini pubblici Vermiglio (TN),Trento,TN,Trentino-Alto Adige
10.85457,46.26004,Parco Naturale Adamello-Brenta Ss239 Pinzolo,Trento,TN,Trentino-Alto Adige
10.92693,46.09262,Parco Naturale Adamello-Brenta Ss4 San Lorenzo In Banale,Trento,TN,Trentino-Alto Adige
11.11383,46.14088,Parco urbano di Lavis TN,Trento,TN,Trentino-Alto Adige
11.11495,46.09859,Parco di Melta Via 25 Aprile Trento TN,Trento,TN,Trentino-Alto Adige
11.11503,46.06053,Parco Fratelli Michelin Trento TN,Trento,TN,Trentino-Alto Adige
11.12057,46.07183,Giardini Di Piazza Dante Piazza Dante Trento,Trento,TN,Trentino-Alto Adige
11.12658,46.06293,Parco Pubblico Santa Chiara Via Piave Trento,Trento,TN,Trentino-Alto Adige
11.12897,46.06893,Parco Venezia Via Venezia Trento,Trento,TN,Trentino-Alto Adige
11.78042,46.32471,Parco Naturale Paneveggio Pale Di S Sp81 Tonadico,Trento,TN,Trentino-Alto Adige
11.68832,46.43077,Parco Giochi Per Bambini - Pozza Di Fassa,Trento,TN,Trentino-Alto Adige
10.73486,45.35793,Parco Giardino Sigurta$,Verona,VR,Veneto
10.74944,45.47205,Parco Termale del Garda-Lazise-VR,Verona,VR,Veneto
10.7978,45.47821,Parco Natura Viva.,Verona,VR,Veneto
10.91185,45.61075,Parco delle cascate Molina (Verona)>390457720185,Verona,VR,Veneto
10.96146,45.42235,Verona (VR) - Parco pubblico con fontanella,Verona,VR,Veneto
10.9755,45.44598,Percorso Della Salute Via Lega Veronese Verona,Verona,VR,Veneto
10.98719,45.44134,Giardini Pubblici Arsenale Verona,Verona,VR,Veneto
10.99131,45.43119,Raggio Di Sole Circonvallazione Raggio Di Sole Verona,Verona,VR,Veneto
10.99353,45.44855,Cesare Lombroso Viale Gabriele D'annunzio Verona,Verona,VR,Veneto
11.00555,45.45283,Parco Delle Colombare Via Castello San Felice Verona,Verona,VR,Veneto
11.04366,45.38246,Parco Ai Cotoni Parco Ai Cotoni San Giovanni Lupatoto,Verona,VR,Veneto
11.06439,45.63631,Parco Regionale Della Lessinia Sp13 Rovere Veronese,Verona,VR,Veneto
11.13173,45.62054,Parco Regionale Della Lessinia Sp13 Selva Di Progno,Verona,VR,Veneto
11.2009,45.59738,Parco Regionale Della Lessinia Sp17 Vestenanova,Verona,VR,Veneto
11.53975,45.54587,Giardino Salvi Vicenza,Vicenza,VI,Veneto
11.54045,45.54314,Campo Marzio Viale Roma Vicenza,Vicenza,VI,Veneto
11.54576,45.52906,Parco Storico Di Villa Guiccioli Vicenza,Vicenza,VI,Veneto
11.54739,45.55373,PARCO,Vicenza,VI,Veneto
11.54938,45.55479,Parco Querini Viale Ferdinando Rodolfi Vicenza,Vicenza,VI,Veneto
11.55279,45.63733,Parco Diritti dei bambini Dueville VI,Vicenza,VI,Veneto
11.69812,45.71696,Parco Faunistico Cappeller - Cartigliano Vi,Vicenza,VI,Veneto
11.93922,46.12437,Parco Delle Dolomiti Bellunesi Strada Comu Cesiomaggiore,Belluno,BL,Veneto
12.20409,46.14189,Parco Di San Lorenzo Via Natale Talamini Belluno,Belluno,BL,Veneto
12.12436,46.18938,Parco Delle Dolomiti Bellunesi Strada Statale Ago Sedico,Belluno,BL,Veneto
12.10556,46.24369,Parco Delle Dolomiti Bellunesi Strada Statale Ago Sedico,Belluno,BL,Veneto
12.20163,46.46863,Lago Percorso Vita,Belluno,BL,Veneto
12.0381,46.52066,Parco Regionale Dolomiti D'ampezzo Str Cortina D'ampezzo,Belluno,BL,Veneto
12.1744,46.61774,Parco Regionale Dolomiti D'ampezzo Str Cortina D'ampezzo,Belluno,BL,Veneto
12.21611,46.14205,Citta Di Bologna Via Attilio Tissi Belluno,Belluno,BL,Veneto
12.21164,46.14498,La Vignetta Via Col Di Lana Belluno,Belluno,BL,Veneto
12.23087,46.14891,Parco Di Nogare Via Tenente Colonello Carlo Calb Belluno,Belluno,BL,Veneto
12.24254,46.56481,Parco Regionale Dolomiti D'ampezzo Str Auronzo Di Cadore,Belluno,BL,Veneto
12.12833,45.63972,Oasi Naturalistica Di Cervara Sile-S.ta Cristina-,Treviso,TV,Veneto
12.1344,45.63824,Parco Regionale Del Sile Via Cornarott Quinto Di Treviso,Treviso,TV,Veneto
12.16495,45.64561,Parco Regionale Del Sile Via G. Ciardi Quinto Di Treviso,Treviso,TV,Veneto
12.07328,45.65266,Parco Regionale Del Sile Via Badoere Istrana,Treviso,TV,Veneto
12.05183,45.66175,Parco Regionale Del Sile Via Corriva Cavasagra,Treviso,TV,Veneto
12.0486,45.77577,Parco Manin Montebelluna,Treviso,TV,Veneto
12.34582,45.58639,Parco Villa Loredana - Via Roma 75 - Quarto D'altino -,Treviso,TV,Veneto
12.32717,45.59238,Parco Regionale Del Sile Via Bonisiolo Casale Sul Sile,Treviso,TV,Veneto
12.26056,45.66466,Parco Regionale Del Sile Viale Quattro Novembre Treviso,Treviso,TV,Veneto
12.0121,45.40744,Villa Pisani,Venezia,VE,Veneto
12.08522,45.42559,Parco di Villa Ferretti Angeli - lungo Brenta - Dolo VE,Venezia,VE,Veneto
12.10841,45.49633,Parco Belvedere Via Belvedere Mirano VE,Venezia,VE,Veneto
12.26834,45.47496,Parco San Giuliano Porta Rossa,Venezia,VE,Veneto
12.22451,45.48992,Parco Piraghetto Via Miranese Mestre,Venezia,VE,Veneto
12.23585,45.4942,Parco Villa Querini Via Circonvallazione Mestre,Venezia,VE,Veneto
12.26502,45.50125,Parco Della Bissuola Via Rielta Mestre,Venezia,VE,Veneto
12.24899,45.50332,Giardino pubblico di viale Garibaldi Mestre,Venezia,VE,Veneto
12.25078,45.5051,Parrocchia di Carpenedo tra via s.Dona' e viale Garibaldi,Venezia,VE,Veneto
12.37403,45.58142,Parco Regionale Del Sile Musestre,Venezia,VE,Veneto
13.06363,45.63827,Parco Spielplatz Bibione VE,Venezia,VE,Veneto
11.63658,45.36494,Parco Regionale Dei Colli Euganei Via Dante Alig Rovolon,Padova,PD,Veneto
11.65116,45.34075,Parco Regionale Dei Colli Euganei Via Calti Vo,Padova,PD,Veneto
11.65798,45.22944,Giardini Comunali Di Este,Padova,PD,Veneto
11.66335,45.39328,Parco Regionale Dei Colli Euganei Via Roma Rovolon,Padova,PD,Veneto
11.73717,45.37199,Parco Regionale Dei Colli Euganei Via Euganea S Treponti,Padova,PD,Veneto
11.74398,45.23303,Parco Buzzacarini Monselice,Padova,PD,Veneto
11.77408,45.35208,Giardino Comunale Di Abano Terme Via Liberal Abano Terme,Padova,PD,Veneto
11.78878,45.3284,Giardini piazza I Maggio Montegrotto Terme,Padova,PD,Veneto
11.818,45.42269,Zona sotto sequestro - Pericolo,Padova,PD,Veneto
11.8403,45.14754,Parco Faunistico Valcorba,Padova,PD,Veneto
11.84051,45.14734,Zoo Valcorba,Padova,PD,Veneto
11.86728,45.41078,Giardino Cavalleggeri Di Padova Padova,Padova,PD,Veneto
11.87794,45.39841,Giardino Isola Mennia Prato Della Valle Padova,Padova,PD,Veneto
11.87897,45.41061,Giardini Dell'arena Piazza Eremitani Padova,Padova,PD,Veneto
11.88514,45.40288,Giardino Treves Padova,Padova,PD,Veneto
11.89927,45.41009,Parco Venezia,Padova,PD,Veneto
11.92273,45.39963,Parco Delle Roncaiette Via Sant'orsola Vecchia Padova,Padova,PD,Veneto
11.93097,45.36632,Parco Vita Via Volturno Ponte San Nicolo,Padova,PD,Veneto
11.77219,45.06884,Parco Rosetta Pampanini Via Alessandro Scarlatti Rovigo,Rovigo,RO,Veneto
11.78763,45.0642,Parco Lisieux Via Circonvallazione Ovest Rovigo,Rovigo,RO,Veneto
12.05748,45.05082,Giardini Scarpari Adria RO,Rovigo,RO,Veneto
11.7854,45.0829,Parco Alexander Langer Viale Porta Adige Rovigo,Rovigo,RO,Veneto
13.10801,45.67334,Parco Hemingway Lignano Sabbiadoro UD,Udine,UD,Friuli-Venezia Giulia
13.12084,45.68763,Parco della chiesa di San Zaccaria Lignano Sabbiadoro UD,Udine,UD,Friuli-Venezia Giulia
13.1255,45.81557,Parco degli Orbi Muzzana del Turgnano UD,Udine,UD,Friuli-Venezia Giulia
13.23271,46.05711,Area Verde Lord Robert Baden-Powell Udine UD,Udine,UD,Friuli-Venezia Giulia
13.22382,46.06212,Parco Moretti Via Mentana Udine UD,Udine,UD,Friuli-Venezia Giulia
13.23869,46.06343,Giardino Arcivescovile Udine,Udine,UD,Friuli-Venezia Giulia
13.21618,46.10964,Parco Peep Via Bolzano Tavagnacco-UD,Udine,UD,Friuli-Venezia Giulia
13.17982,46.12472,Parco Di Villa Rizzani Via Dei Rizzani Pagnacco,Udine,UD,Friuli-Venezia Giulia
13.01521,46.1607,Il Colle San Daniele Del Friuli,Udine,UD,Friuli-Venezia Giulia
13.47331,45.72034,Riserva Naturale Valle Cavanata,Gorizia,GO,Friuli-Venezia Giulia
13.48468,45.98551,Parco Di Bosco Di Plessiva Dolegna Del Collio,Gorizia,GO,Friuli-Venezia Giulia
13.76655,45.60258,Ovviamente Il Giardino Pubblico Non E In Strada Ma Si T,Trieste,TS,Friuli-Venezia Giulia
13.77632,45.64476,Giardino Pontini Via San Giacomo In Monte Trieste,Trieste,TS,Friuli-Venezia Giulia
13.78509,45.65385,Giardino Pubblico Muzio Tommasini Trieste,Trieste,TS,Friuli-Venezia Giulia
13.78407,45.66363,Parco Di Villa Giulia Via Marziale Trieste,Trieste,TS,Friuli-Venezia Giulia
13.71815,45.70158,Castello Di Miramare Viale Miramare Grignano,Trieste,TS,Friuli-Venezia Giulia
13.86542,45.61935,Parco Della Val Rosandra San Dorligo Della Valle,Trieste,TS,Friuli-Venezia Giulia
13.80031,45.62162,Giardino comunale di via Mascagni,Trieste,TS,Friuli-Venezia Giulia
13.79262,45.62478,Giardino comunale di via Carpineto,Trieste,TS,Friuli-Venezia Giulia
13.81819,45.62846,Giardino di Altura,Trieste,TS,Friuli-Venezia Giulia
13.82544,45.64115,Civico Orto Botanico Trieste,Trieste,TS,Friuli-Venezia Giulia
13.81513,45.64458,Villa Revoltella Trieste,Trieste,TS,Friuli-Venezia Giulia
13.81289,45.64596,Chiadino Viale Al Cacciatore Trieste,Trieste,TS,Friuli-Venezia Giulia
13.78783,45.64854,Villa Engelman Trieste,Trieste,TS,Friuli-Venezia Giulia
13.78984,45.65223,Cicvico Orto Botanico Trieste,Trieste,TS,Friuli-Venezia Giulia
12.53042,45.88954,Parco Di Villa Varda Via Villa Varda Di Brugner Brugnera,Pordenone,PN,Friuli-Venezia Giulia
12.7362,45.9275,Parco comunale-Fiume Veneto-PN,Pordenone,PN,Friuli-Venezia Giulia
12.50078,45.95164,Parco Giochi,Pordenone,PN,Friuli-Venezia Giulia
12.66209,45.95254,Parco Fluviale Del Nocello Via Della Santissim Pordenone,Pordenone,PN,Friuli-Venezia Giulia
12.50508,45.95436,Parco Giochi,Pordenone,PN,Friuli-Venezia Giulia
12.67426,45.95597,Parco Del Seminario Via Del Seminario Pordenone,Pordenone,PN,Friuli-Venezia Giulia
12.65538,45.95632,Parco Querini Via Della Vecchia Ceramica Pordenone,Pordenone,PN,Friuli-Venezia Giulia
12.65659,45.95856,Parco Porcia Pordenone,Pordenone,PN,Friuli-Venezia Giulia
12.66277,45.96215,Parco Galvani Via Vallona Pordenone,Pordenone,PN,Friuli-Venezia Giulia
12.66466,45.9649,Parco San Valentino Via San Valentino Pordenone,Pordenone,PN,Friuli-Venezia Giulia
12.50133,46.02983,Parco comunale-Polcenigo-PN,Pordenone,PN,Friuli-Venezia Giulia
12.79667,46.28583,Parco Giochi - Tramonti Di Sotto,Pordenone,PN,Friuli-Venezia Giulia
7.55104,43.78567,Giardini Hamburg Corso Montecarlo Ventimiglia,Imperia,IM,Liguria
7.63975,43.78964,Giardini pubblici San Rocco,Imperia,IM,Liguria
7.64589,43.79184,Giardini pubblici Garibbe,Imperia,IM,Liguria
7.72339,43.79956,Giardini Societe Fonciere Lyonnase Ospedaletti,Imperia,IM,Liguria
7.76768,43.81296,Giardini Marsaglia Corso Imperatrice San Remo,Imperia,IM,Liguria
7.7754,43.8193,Giardini Regina Elena Piazza San Costanzo San Remo,Imperia,IM,Liguria
7.77721,43.81467,Giardini Vittorio Veneto Viale Delle Palme San Remo,Imperia,IM,Liguria
7.77918,43.8176,Giardini Medaglie D'oro Sanremesi Via Roma San Remo,Imperia,IM,Liguria
7.78353,43.8212,Parco Delle Carmelitane Corso Felice Cavallotti San Remo,Imperia,IM,Liguria
7.78599,43.82136,Giardini Villa Zirio Corso Felice Cavallotti San Remo,Imperia,IM,Liguria
7.78982,43.82154,Giardini Municipali Ormond Corso Felice Cavallo San Remo,Imperia,IM,Liguria
7.79051,43.8212,Giardini Nobel Via Alfredo Nobel San Remo,Imperia,IM,Liguria
8.00732,43.87081,Giardini Citta Di Rosario Via Gabriele D'annunzi Imperia,Imperia,IM,Liguria
8.02225,43.88145,Giardini San Lazzaro Via San Lazzaro Imperia,Imperia,IM,Liguria
8.02837,43.88472,Parco urbano di Imperia,Imperia,IM,Liguria
8.03855,43.89707,Campo Sportivo Nino Ciccone Piazza D'armi Imperia,Imperia,IM,Liguria
8.21637,44.052,Peter Pan - Albenga,Savona,SV,Liguria
8.46547,44.2979,Giardino Della Giovento Corso Vittorio Veneto Savona,Savona,SV,Liguria
8.48058,44.30202,Giardini Principessa Mafalda Passeggiata Walter T Savona,Savona,SV,Liguria
8.54049,44.33739,Pineta Bottini Via Privata Padre Basilio Ro Celle Ligure,Savona,SV,Liguria
8.63405,44.38288,Giardini I Maggio Via A. Gastaldi Cogoleto,Genova,GE,Liguria
8.87386,44.41616,Giardini Luciano Melis Via Corniglian Cornigliano Ligure,Genova,GE,Liguria
8.90853,44.41841,Giardini Primavera Scala Federico Alizeri Genova,Genova,GE,Liguria
8.93737,44.39796,Parco Di Villa Croce Corso Aurelio Saffi Genova,Genova,GE,Liguria
8.93789,44.41017,Villetta Di Negro Piazza Corvetto Genova,Genova,GE,Liguria
8.93959,44.40845,Spianata Acquasola Viale Quattro Novembre Genova,Genova,GE,Liguria
8.93959,44.4136,Parco Villa Gruber Corso Solferino Genova,Genova,GE,Liguria
8.94081,44.40914,Villa Serra Via Claudio Carcassi Genova,Genova,GE,Liguria
8.94596,44.40502,Giardini Di Viale Caviglia Viale Enrico Caviglia Genova,Genova,GE,Liguria
8.94768,44.41275,Parco Gropallo Genova,Genova,GE,Liguria
8.95077,44.39334,Giardini Gilberto Govi Via Mario Cappello Genova,Genova,GE,Liguria
8.95625,44.4009,Villa Bombrini Via Francesco Pozzo Genova,Genova,GE,Liguria
8.96037,44.40792,Villa Imperiale Via San Fruttuoso Genova,Genova,GE,Liguria
8.96107,44.39952,Giardini Caso Via Montallegro Genova,Genova,GE,Liguria
8.96175,44.3959,Giardini Carlo Alberto Dalla Chiesa Genova,Genova,GE,Liguria
8.97101,44.40073,Villa Gambaro Viale Francesco Gambaro Genova,Genova,GE,Liguria
8.9923,44.38991,Villa Carrara Via Cinque Maggio Genova,Genova,GE,Liguria
9.00467,44.38597,Giardini Giacomo Lercaro Via Quarto Genova,Genova,GE,Liguria
9.00603,44.39043,Parco Di Villa Quartara Viale Quartara Genova,Genova,GE,Liguria
9.04741,44.38185,Villa Serra Gropallo Grimaldi Via Capolungo Nervi,Genova,GE,Liguria
8.74999,44.42956,Villa Duchessa Di Galliera,Genova,GE,Liguria
8.80673,44.4239,Parco Villa Banfi Via Pegli Pegli,Genova,GE,Liguria
8.81669,44.42905,Villa Durazzo Pallavicini Pegli,Genova,GE,Liguria
8.84434,44.42647,Parco Villa Rossi Parco Villa Rossi Sestri Ponente,Genova,GE,Liguria
8.8464,44.43317,Mario Ginocchio Via Sedici Giugno 1944 Sestri Ponente,Genova,GE,Liguria
8.85618,44.42818,Aleandro Longhi Via Pier Domenico Bissone Sestri Ponente,Genova,GE,Liguria
8.91354,44.50935,Piccoli Giardini Per Bambini,Genova,GE,Liguria
8.93206,44.43214,Parco Delle Mura Genova,Genova,GE,Liguria
9.80667,44.11405,Parco Di Gaggiola Via San Francesco D'assisi La Spezia,La Spezia,SP,Liguria
9.80735,44.10237,Parco Di Colombaio Via Dei Pioppi La Spezia,La Spezia,SP,Liguria
9.80786,44.11508,Parco Della Rimembranza Via San Francesco D'as La Spezia,La Spezia,SP,Liguria
9.82211,44.10221,Giardini Pubblici Via Flacco Aulo Persio La Spezia,La Spezia,SP,Liguria
9.82281,44.10374,Parco Salvador Allende Via Domenico Chiodo La Spezia,La Spezia,SP,Liguria
9.84237,44.11748,Parco Maggiolina Corso Nazionale La Spezia,La Spezia,SP,Liguria
9.68478,45.03364,Parco Della Galleana Via Giuseppe Manfredi Piacenza,Piacenza,PC,Emilia-Romagna
9.70092,45.05064,Giardini Merluzzo Via Giulio Alberoni Piacenza,Piacenza,PC,Emilia-Romagna
9.70298,45.05046,Giardini Margherita Via Giulio Alberoni Piacenza,Piacenza,PC,Emilia-Romagna
9.90202,44.81787,Parco Regionale Dello Stirone Vernasca,Piacenza,PC,Emilia-Romagna
9.90641,44.81391,Parco Regionale Dello Stirone Sp56 Vernasca,Piacenza,PC,Emilia-Romagna
9.91018,44.82336,Parco Regionale Dello Stirone Sp56 Vernasca,Piacenza,PC,Emilia-Romagna
9.93575,44.84017,Parco Regionale Dello Stirone Vernasca,Piacenza,PC,Emilia-Romagna
9.96837,44.84223,Parco Regionale Dello Stirone Sp31 Alseno,Piacenza,PC,Emilia-Romagna
9.95722,44.83108,Parco Regionale Dello Stirone Sp57 Salsomaggiore Terme,Parma,PR,Emilia-Romagna
10.00279,44.85726,Parco Regionale Dello Stirone Fidenza,Parma,PR,Emilia-Romagna
10.01333,44.84172,Parco Regionale Dello Stirone Ss359 Salsomaggiore Terme,Parma,PR,Emilia-Romagna
10.02151,44.86555,Parco Regionale Dello Stirone Fidenza,Parma,PR,Emilia-Romagna
10.04743,44.87017,Parco Regionale Dello Stirone Via Emilia Fidenza,Parma,PR,Emilia-Romagna
10.0494,44.8697,Parco Regionale Dello Stirone Via Emilia Fidenza,Parma,PR,Emilia-Romagna
10.14406,44.85416,Labirinto della Masone Fontanellato PR>390521827081,Parma,PR,Emilia-Romagna
10.19719,44.76723,Parco Fluviale Regionale Del Taro Sp89 Collecchio,Parma,PR,Emilia-Romagna
10.21934,44.82368,Parco Fluviale Regionale Del Taro Via Emili Castelguelfo,Parma,PR,Emilia-Romagna
10.28776,44.4964,Parco Provinciale Monte Fuso>390521840151,Parma,PR,Emilia-Romagna
10.35474,44.6957,PARCO BIMBI BASILICANOVA,Parma,PR,Emilia-Romagna
10.31805,44.76499,Parco Area Delle Scienze Parma,Parma,PR,Emilia-Romagna
10.33882,44.79084,parco Ferrari,Parma,PR,Emilia-Romagna
10.33102,44.79349,Parco Cittadella,Parma,PR,Emilia-Romagna
10.33915,44.79365,Parco Iqbal Masih Via Giacomo Puccini Parma,Parma,PR,Emilia-Romagna
10.36295,44.79423,PARCO DELLE LAVANDAIE PR,Parma,PR,Emilia-Romagna
10.31136,44.80258,Parco Delle Magnolie Via Francesco Leporati Parma,Parma,PR,Emilia-Romagna
10.3141,44.80516,Parco Ducale Viale Alberto Pasini Parma,Parma,PR,Emilia-Romagna
10.33024,44.80551,I Giardini San Paolo Borgo Pietro Giordani Parma,Parma,PR,Emilia-Romagna
10.23633,44.31592,Parco Regionale Appennino Reggiano Strada Stata Collagna,Reggio nell'Emilia,RE,Emilia-Romagna
10.25401,44.33739,Parco Regionale Appennino Reggiano Ss63 Collagna,Reggio nell'Emilia,RE,Emilia-Romagna
10.31204,44.36806,Parco Regionale Appennino Reggiano Ss63 Busana,Reggio nell'Emilia,RE,Emilia-Romagna
10.32728,44.39257,Parco Regionale Appennino Reggiano Ss63 Cervarezza,Reggio nell'Emilia,RE,Emilia-Romagna
10.32796,44.37953,Parco Regionale Appennino Reggiano Ss63 Busana,Reggio nell'Emilia,RE,Emilia-Romagna
10.5662,44.55109,Parco Matildico di Montaldo,Reggio nell'Emilia,RE,Emilia-Romagna
10.4868,44.62332,PARCO DI RONCOLO,Reggio nell'Emilia,RE,Emilia-Romagna
10.58471,44.65417,Parco Di Rivalta Centro Del Parco,Reggio nell'Emilia,RE,Emilia-Romagna
10.62823,44.69393,Parco Cervi Via Leopoldo Reverberi Reggio Nell'emilia,Reggio nell'Emilia,RE,Emilia-Romagna
10.63131,44.70388,Parco Del Popolo Viale Isonzo Reggio Nell'emilia,Reggio nell'Emilia,RE,Emilia-Romagna
10.49176,44.23986,Parco Dell'alto Appennino Modenese Sp38 Frassinoro,Modena,MO,Emilia-Romagna
10.494,44.20555,Parco Dell'alto Appennino Modenese Strada Sta Frassinoro,Modena,MO,Emilia-Romagna
10.50446,44.20349,Parco Dell'alto Appennino Modenese Ss486 Frassinoro,Modena,MO,Emilia-Romagna
10.51648,44.19644,Parco Dell'alto Appennino Modenese Ss324 Frassinoro,Modena,MO,Emilia-Romagna
10.64179,44.18907,Parco Dell'alto Appennino Modenese Strada Stata Fiumalbo,Modena,MO,Emilia-Romagna
10.66771,44.15816,Parco Dell'alto Appennino Modenese Fiumalbo,Modena,MO,Emilia-Romagna
10.77223,44.23037,Parco di Sestola MO,Modena,MO,Emilia-Romagna
10.83728,44.36545,Parco di Sant Antonio di Pavullo MO,Modena,MO,Emilia-Romagna
10.9623,44.37086,Parco Dei Sassi Di Rocca Malatina Ss623 Guiglia,Modena,MO,Emilia-Romagna
10.93894,44.37548,Parco Dei Sassi Di Rocca Malatina Guiglia,Modena,MO,Emilia-Romagna
10.94937,44.39553,Parco Dei Sassi Di Rocca Malatina Guiglia,Modena,MO,Emilia-Romagna
10.78582,44.50476,Castello Di Montegibbo Parco Comun. Sassuolo,Modena,MO,Emilia-Romagna
10.79233,44.53748,Parco Viale Fanti Sassuolo MO,Modena,MO,Emilia-Romagna
10.79165,44.54565,Parco Arcobaleno Sassuolo MO,Modena,MO,Emilia-Romagna
10.79418,44.54215,Parco Amico Sassuolo MO,Modena,MO,Emilia-Romagna
10.82984,44.51207,Riserva Naturale - Salse Di Nirano,Modena,MO,Emilia-Romagna
10.86092,44.52682,Parco degli Artisti - Maranello (MO),Modena,MO,Emilia-Romagna
10.86155,44.52894,Parco della Galleria - Maranello (MO),Modena,MO,Emilia-Romagna
10.86556,44.52306,Parco Enzo Ferrari-Maranello-MO,Modena,MO,Emilia-Romagna
10.8734,44.52982,Parco dei Mari - Maranello (MO),Modena,MO,Emilia-Romagna
10.87428,44.49736,Parco Parrocchiale San Pietro e Paolo Torre Maina MO,Modena,MO,Emilia-Romagna
10.87584,44.51384,Parco di Gorzano MO,Modena,MO,Emilia-Romagna
10.89819,44.54873,Parco Colombaro,Modena,MO,Emilia-Romagna
10.9083,44.48665,Parco Com. Levizzano Rangone MO,Modena,MO,Emilia-Romagna
10.91087,44.48341,Parco 2 Levizzano R. MO,Modena,MO,Emilia-Romagna
10.9216,44.52631,Parco della Mimosa - Solignano (MO),Modena,MO,Emilia-Romagna
10.93465,44.55265,Parco P.B. Castelnuovo Rangone MO,Modena,MO,Emilia-Romagna
10.93604,44.54973,Parco Rio Gamberi Castelnuovo Rangone MO,Modena,MO,Emilia-Romagna
10.94261,44.55224,Parco Sandro Pertini Castenuovo Rangone MO,Modena,MO,Emilia-Romagna
10.79776,44.55974,Parco Via Monte Santo Sassuolo MO,Modena,MO,Emilia-Romagna
10.85619,44.56254,Parco Giardino Formigine sud,Modena,MO,Emilia-Romagna
10.801,44.56629,Parco Via Toscana - Sassuolo (MO),Modena,MO,Emilia-Romagna
10.90654,44.57238,Parco Via Vandelli Montale Rangone (MO),Modena,MO,Emilia-Romagna
10.90366,44.57352,Parco Grizzaga - Montale (MO),Modena,MO,Emilia-Romagna
10.82447,44.58227,Parco di Corlo,Modena,MO,Emilia-Romagna
10.82828,44.58299,Parco Via cavazzuti -Corlo,Modena,MO,Emilia-Romagna
10.85952,44.59017,Parco Casinalbo (MO) Via Billo,Modena,MO,Emilia-Romagna
10.8041,44.59602,Parco di Magreta,Modena,MO,Emilia-Romagna
10.8057,44.59834,Parco Di Magreta Via Viazza,Modena,MO,Emilia-Romagna
10.9806,44.60039,Parco di San Damaso MO,Modena,MO,Emilia-Romagna
10.92092,44.62509,Parco Della Repubblica Modena,Modena,MO,Emilia-Romagna
10.91096,44.6299,Parco Giovanni Amendola Via Andrea Mantegna Modena,Modena,MO,Emilia-Romagna
11.03067,44.63162,Parco Villa Sorra Via Prati Castelfranco Emilia MO,Modena,MO,Emilia-Romagna
10.87158,44.63254,Parco di Cognento MO,Modena,MO,Emilia-Romagna
10.9271,44.64054,Giardini Pubblici Viale Ludovico Antonio Muratori Modena,Modena,MO,Emilia-Romagna
10.93037,44.64191,Parco Sandro Pertini Viale Nicola Fabrizi Modena,Modena,MO,Emilia-Romagna
10.90427,44.64363,Parco Citta Di Londrina Viale Italia Modena,Modena,MO,Emilia-Romagna
10.94787,44.64585,Parco Divisione Acqui Modena,Modena,MO,Emilia-Romagna
10.88435,44.64588,Via Pignedoli MO,Modena,MO,Emilia-Romagna
10.91147,44.64757,Parco Enzo Ferrari Modena,Modena,MO,Emilia-Romagna
10.9322,44.64856,Parco Ducale Estense Cso Canal Grande Modena MO,Modena,MO,Emilia-Romagna
10.92133,44.65003,Parco Novi Sad Via Bono Da Nonantola Modena MO,Modena,MO,Emilia-Romagna
10.88659,44.65153,Caduti Fanfara Olandese Modena,Modena,MO,Emilia-Romagna
10.90822,44.65409,Parco Enzo Ferrari Via Emilia Ovest Modena,Modena,MO,Emilia-Romagna
10.93945,44.65581,Parco Xx Aprile Modena,Modena,MO,Emilia-Romagna
10.8787,44.77993,Parco Della Resistenza Viale Dei Cipressi Carpi,Modena,MO,Emilia-Romagna
10.88127,44.78628,Parco Delle Rimembranze Piazzale Guglielmo Marconi Carpi,Modena,MO,Emilia-Romagna
10.86083,44.12538,Parco Del Corno Alle Scale Lizzano In Belvedere,Bologna,BO,Emilia-Romagna
10.87646,44.16418,Parco Regionale Corno Al Lizzano In Belvedere,Bologna,BO,Emilia-Romagna
11.11318,44.12813,Parco Laghi Suviana Brasimone Camugnano,Bologna,BO,Emilia-Romagna
11.31385,44.4215,Sabbiuno Via Di Sabbiuno Bologna,Bologna,BO,Emilia-Romagna
11.2711,44.47642,Gianni Rodari Via Porrettana Casalecchio Di Reno,Bologna,BO,Emilia-Romagna
11.27678,44.50664,Parco Delle Querce Bologna,Bologna,BO,Emilia-Romagna
11.28845,44.46236,Parco Comunale Della Chiusa Casalecchio Di Reno,Bologna,BO,Emilia-Romagna
11.29205,44.51403,Parco Triumvirato Bologna,Bologna,BO,Emilia-Romagna
11.30183,44.49102,Giardino Calda Bologna,Bologna,BO,Emilia-Romagna
11.30578,44.44192,Parco Cavaioni Via Cavaioni Bologna,Bologna,BO,Emilia-Romagna
11.31025,44.50733,Prati Di Caprara Via Prati Di Caprara Bologna,Bologna,BO,Emilia-Romagna
11.31231,44.49187,Giardino Aldo Cucchi Via Xxi Aprile 1945 Bologna,Bologna,BO,Emilia-Romagna
11.31282,44.48278,Parco S. Pellegrino Villa Puglioli Bologna,Bologna,BO,Emilia-Romagna
11.31402,44.48999,Parco Partigiane Cadute Via Saragozza Bologna,Bologna,BO,Emilia-Romagna
11.31575,44.48809,Villa Spada Bologna,Bologna,BO,Emilia-Romagna
11.32192,44.49359,Parco Melloni Bologna,Bologna,BO,Emilia-Romagna
11.32277,44.44897,Parco Di Monte Paderno Via Delle Lastre Bologna,Bologna,BO,Emilia-Romagna
11.32639,44.4766,Parco Pubblico Ghigi Via San Mamolo Bologna,Bologna,BO,Emilia-Romagna
11.32896,44.48107,Villa Aldini Bologna,Bologna,BO,Emilia-Romagna
11.32964,44.49016,Giardini Di Villa Casarini Viale Antonio Aldini Bologna,Bologna,BO,Emilia-Romagna
11.39276,44.39852,Parco delle Querce Botetghino di Zocca Pianoro BO,Bologna,BO,Emilia-Romagna
11.42728,44.41231,Parco Dei Gessi Bolognesi Via Idic San Lazzaro Di Savena,Bologna,BO,Emilia-Romagna
11.46973,44.40742,Parco Dei Gessi Bolognesi Via Tolara Ozzano Dell'emilia,Bologna,BO,Emilia-Romagna
11.48208,44.42956,Parco Dei Gessi Bolognesi Via Tolara Ozzano Dell'emilia,Bologna,BO,Emilia-Romagna
11.51751,44.42929,PARK libero Osteria Grande BO,Bologna,BO,Emilia-Romagna
11.519,44.42939,PARK libero Osteria Grande BO,Bologna,BO,Emilia-Romagna
11.58989,44.39202,Parco sotto Fonti a Castel S. Pietro Terme - BO,Bologna,BO,Emilia-Romagna
11.69151,44.36656,Giardino Europa Unita Via Luigi Tinti Imola,Bologna,BO,Emilia-Romagna
11.70232,44.36399,Giardino Imre Nagy Via Monte Battaglia Imola,Bologna,BO,Emilia-Romagna
11.71,44.34255,Parco Delle Acque Minerali - Imola,Bologna,BO,Emilia-Romagna
11.72824,44.35369,Parco Walter Grandi Via Benedetto Croce Imola,Bologna,BO,Emilia-Romagna
11.35299,44.43196,Parco Dei Gessi Bolognesi Ss65 Sesto,Bologna,BO,Emilia-Romagna
11.35505,44.44416,Parco Del Paleotto Bologna,Bologna,BO,Emilia-Romagna
11.35076,44.45684,Parco Di Forte Bandiera Via Di Monte Donato Bologna,Bologna,BO,Emilia-Romagna
11.38234,44.45909,Parco Dei Gessi Bolognesi Via San Ruffillo Bologna,Bologna,BO,Emilia-Romagna
11.34527,44.4668,Villa Guastavillani Bologna,Bologna,BO,Emilia-Romagna
11.37959,44.46699,Giardino Alessandrini Bologna,Bologna,BO,Emilia-Romagna
11.38148,44.46733,Giardini Alessandrini Via Domokos Bologna,Bologna,BO,Emilia-Romagna
11.37102,44.46974,Villa Mazzacorati Bologna,Bologna,BO,Emilia-Romagna
11.37582,44.47882,Lunetta Gamberini Bologna,Bologna,BO,Emilia-Romagna
11.34749,44.47969,Villa Gotti Via Luca Ghini Bologna,Bologna,BO,Emilia-Romagna
11.34407,44.48054,San Michele In Bosco Bologna,Bologna,BO,Emilia-Romagna
11.37341,44.48141,Giardini Luneta Gamberini Via Pellizza Da Volped Bologna,Bologna,BO,Emilia-Romagna
11.34132,44.48191,Parco Di Santo Michele In Bosco Piazzale San Mic Bologna,Bologna,BO,Emilia-Romagna
11.342,44.48347,San Michele In Bosco Via Alessandro Codivilla Bologna,Bologna,BO,Emilia-Romagna
11.35591,44.48432,Giardini Margherita Piazza Di Porta Santo Stefan Bologna,Bologna,BO,Emilia-Romagna
11.35247,44.49924,Orto Botanico Bologna,Bologna,BO,Emilia-Romagna
11.33634,44.49993,Parco 11 Settembre 2001,Bologna,BO,Emilia-Romagna
11.34562,44.50098,Montagnola Bologna,Bologna,BO,Emilia-Romagna
11.37874,44.50664,Casalone Via Kharkov Bologna,Bologna,BO,Emilia-Romagna
11.33242,44.51138,Giardini navile Battiferro,Bologna,BO,Emilia-Romagna
11.35385,44.51573,Giardino Guido Rossa Via Ferrarese Bologna,Bologna,BO,Emilia-Romagna
11.3372,44.51712,Villa Grosso Bologna,Bologna,BO,Emilia-Romagna
11.34097,44.52312,Villa Cardona Via Erbosa Bologna,Bologna,BO,Emilia-Romagna
11.35161,44.52433,Caserme Rosse Bologna,Bologna,BO,Emilia-Romagna
11.36948,44.525,Parco Nord Via Romita Bologna,Bologna,BO,Emilia-Romagna
11.35373,44.53962,Giardini corticella,Bologna,BO,Emilia-Romagna
11.35832,44.54372,Villa Torchi Bologna,Bologna,BO,Emilia-Romagna
11.35935,44.57445,Parco Lirone Via Lirone Castel Maggiore,Bologna,BO,Emilia-Romagna
11.36363,44.5904,Giardino 2 Agosto 1980 Argelato,Bologna,BO,Emilia-Romagna
11.36501,44.5923,Giardino Della Musica Plaza Gloachino Rossini Argelato,Bologna,BO,Emilia-Romagna
11.36483,44.59402,Parco Della Pace Via Bernardi Argelato,Bologna,BO,Emilia-Romagna
11.38613,44.49634,Parco Scandellara Bologna,Bologna,BO,Emilia-Romagna
11.38784,44.49634,Parco Scandellara Via Scandellara Bologna,Bologna,BO,Emilia-Romagna
11.39659,44.51316,Giardino Del Pilastro Bologna,Bologna,BO,Emilia-Romagna
11.39865,44.46509,Parco Della Resistenza San Lazzaro Di Savena,Bologna,BO,Emilia-Romagna
11.39916,44.47266,Parco Dei Cedri Via Cracovia Bologna,Bologna,BO,Emilia-Romagna
11.40089,44.52088,Vivaio Comunale Bologna,Bologna,BO,Emilia-Romagna
11.40929,44.44844,Parco Dei Gessi Bolognesi Via Carl San Lazzaro Di Savena,Bologna,BO,Emilia-Romagna
11.42028,44.44794,Parco Dei Gessi Bolognesi Via Gall San Lazzaro Di Savena,Bologna,BO,Emilia-Romagna
11.43813,44.43814,Parco Fluviale San Lazzaro Di Savena,Bologna,BO,Emilia-Romagna
11.44698,44.44337,Parco Dei Gessi Bolognesi Via Idic San Lazzaro Di Savena,Bologna,BO,Emilia-Romagna
11.62438,44.84207,Parco Massari Corso Porta Mare Ferrara,Ferrara,FE,Emilia-Romagna
11.62776,44.83385,Parco Pareschi - Universita Degli Studi Di Ferrara,Ferrara,FE,Emilia-Romagna
11.63208,44.82827,Area Attrezzata Alfonso D'este Ferrara,Ferrara,FE,Emilia-Romagna
11.63827,44.83028,Area Verde - Piazza Europa - Ferrara,Ferrara,FE,Emilia-Romagna
11.63937,44.83157,Area Giochi - Via Portogallo - Ferrara,Ferrara,FE,Emilia-Romagna
11.75588,44.95736,Area golenale attrezzata sotto ponte - Ro - FE,Ferrara,FE,Emilia-Romagna
11.82185,44.89194,parco e giardino Copparo Fe,Ferrara,FE,Emilia-Romagna
11.83578,44.61476,Parco comunale Argenta,Ferrara,FE,Emilia-Romagna
11.84158,44.60881,Area Verde - Via J. Medici - Argenta Fe,Ferrara,FE,Emilia-Romagna
11.89737,44.81528,parco degli sceriffi Tresigallo Fe,Ferrara,FE,Emilia-Romagna
11.98161,44.88296,Parco Pubblico Jolanda Di Savoia,Ferrara,FE,Emilia-Romagna
12.20515,44.80415,Area Verde Viale Po,Ferrara,FE,Emilia-Romagna
11.61932,44.22235,Parco Sandro Pertini Casola Valsenio RA,Ravenna,RA,Emilia-Romagna
11.62315,44.22326,Parco Giulio Cavina Casola Valsenio RA,Ravenna,RA,Emilia-Romagna
11.6243,44.22998,Il Giardino Delle Erbe - Casola Valsenio Ra,Ravenna,RA,Emilia-Romagna
11.71778,44.27455,Acqualand Via Senio Riolo Terme,Ravenna,RA,Emilia-Romagna
11.72898,44.20259,Parco Pietro Montuschi Fognano RA,Ravenna,RA,Emilia-Romagna
11.73097,44.20396,Parco Della Rimembranza Fognano RA,Ravenna,RA,Emilia-Romagna
11.74702,44.22467,Parco Carne Ra,Ravenna,RA,Emilia-Romagna
11.77078,44.22181,Parco Giuseppe Ugonia,Ravenna,RA,Emilia-Romagna
11.85993,44.22709,Bellini Marina Marzeno Brisighella RA,Ravenna,RA,Emilia-Romagna
11.91423,44.22675,Parco Della Torre Di Oriolo Ra,Ravenna,RA,Emilia-Romagna
11.91492,44.23412,Parco Cava Sabbiona Ra,Ravenna,RA,Emilia-Romagna
11.71787,44.27708,Parco Falcone e Borsellino Riolo Terme RA,Ravenna,RA,Emilia-Romagna
11.72048,44.27755,Parco F.Parri Riolo Terme RA,Ravenna,RA,Emilia-Romagna
11.72093,44.27807,Parco Robert Baden Powell Riolo Terme RA,Ravenna,RA,Emilia-Romagna
11.72155,44.27643,Parco I Maggio Riolo Terme RA,Ravenna,RA,Emilia-Romagna
11.72302,44.27626,Parco Morini Riolo Terme RA,Ravenna,RA,Emilia-Romagna
11.75399,44.27684,Parco Della Memoria Cuffiano Riolo Terme RA,Ravenna,RA,Emilia-Romagna
11.79486,44.31776,Parco Ravaioli Castel Bolognese RA,Ravenna,RA,Emilia-Romagna
11.79806,44.32045,Parco Martiri delle Foibe Istriane Castel Bolognese RA,Ravenna,RA,Emilia-Romagna
11.79897,44.32342,Parco Angelo Biancini Castel Bolognese RA,Ravenna,RA,Emilia-Romagna
11.80001,44.31802,Parco Armando Borghi Castel Bolognese RA,Ravenna,RA,Emilia-Romagna
11.84532,44.35571,Parco Gianluca Conti Solarolo RA,Ravenna,RA,Emilia-Romagna
11.84585,44.3598,Parco Pubblico Solarolo,Ravenna,RA,Emilia-Romagna
11.85977,44.28348,Parco Antonio Piani Faenza RA,Ravenna,RA,Emilia-Romagna
11.8616,44.41752,Parco Bartolomeo Fabbri Villa San Martino RA,Ravenna,RA,Emilia-Romagna
11.86919,44.29205,Parco Roberto Bucci Faenza RA,Ravenna,RA,Emilia-Romagna
11.87299,44.28868,Parco Della Rocca Ra,Ravenna,RA,Emilia-Romagna
11.87314,44.285,Parco Bertozzi Faenza RA,Ravenna,RA,Emilia-Romagna
11.87548,44.29538,Parco Malmerendi Faenza RA,Ravenna,RA,Emilia-Romagna
11.87629,44.28373,Giardino Serantini Faenza RA,Ravenna,RA,Emilia-Romagna
11.87695,44.28447,Parco Tassinari Faenza RA,Ravenna,RA,Emilia-Romagna
11.88426,44.28019,Parco Ermanno Cola Faenza RA,Ravenna,RA,Emilia-Romagna
11.88519,44.38439,Parco Bartolotti Barbiano RA,Ravenna,RA,Emilia-Romagna
11.8899,44.29202,Parco Mita Faenza RA,Ravenna,RA,Emilia-Romagna
11.89279,44.28144,Parco Della Magione Faenza RA,Ravenna,RA,Emilia-Romagna
11.89312,44.29616,Giardino San Marco Faenza RA,Ravenna,RA,Emilia-Romagna
11.89518,44.28595,Parco Azzurro Faenza RA,Ravenna,RA,Emilia-Romagna
11.90411,44.40729,Giardino Dei Bambini Lugo RA,Ravenna,RA,Emilia-Romagna
11.90475,44.42794,Giardino della Montagna Lugo RA,Ravenna,RA,Emilia-Romagna
11.90909,44.42571,Parco Del Loto - Lugo,Ravenna,RA,Emilia-Romagna
11.91139,44.41563,Parco Del Tondo Lugo RA,Ravenna,RA,Emilia-Romagna
11.91822,44.42416,Parco Paradiso Lugo RA,Ravenna,RA,Emilia-Romagna
11.92422,44.41838,Giardino di Kulmbach Lugo RA,Ravenna,RA,Emilia-Romagna
11.92723,44.38347,Parco Pertini Cotignola RA,Ravenna,RA,Emilia-Romagna
11.93395,44.3867,Parco Rita Atria Cotignola RA,Ravenna,RA,Emilia-Romagna
11.93877,44.38493,Parco Alfredo Zini Cotignola RA,Ravenna,RA,Emilia-Romagna
11.9405,44.38424,Parco Vittorio Zanzi Cotignola RA,Ravenna,RA,Emilia-Romagna
12.03263,44.37251,Giardino della Rocca Russi RA,Ravenna,RA,Emilia-Romagna
12.03376,44.37344,Parco Masoni Russi RA,Ravenna,RA,Emilia-Romagna
12.03443,44.37112,Parco Ugo La Malfa Russi RA,Ravenna,RA,Emilia-Romagna
12.03928,44.3729,Parco Bondi Russi RA,Ravenna,RA,Emilia-Romagna
12.14755,44.4203,Area Verde Fornace Zarattini,Ravenna,RA,Emilia-Romagna
12.17974,44.28835,Area Verde - P.za Pratolini - San Pietro In Campiano Ra,Ravenna,RA,Emilia-Romagna
12.1835,44.4257,Parco Diane Fossey Ravenna,Ravenna,RA,Emilia-Romagna
12.1841,44.3996,Parco Sand Creek Ravenna,Ravenna,RA,Emilia-Romagna
12.19135,44.40727,Parco Della Pace Ravenna,Ravenna,RA,Emilia-Romagna
12.19755,44.42915,Area Verde Via Popilia Ravenna,Ravenna,RA,Emilia-Romagna
12.19763,44.41625,Giardino Delle Erbe Dimenticate Ravenna,Ravenna,RA,Emilia-Romagna
12.1983,44.4033,Parco Chico Mendes Ravenna,Ravenna,RA,Emilia-Romagna
12.20231,44.40524,Area Verde Via Bassano Del Grappa Ravenna,Ravenna,RA,Emilia-Romagna
12.20275,44.41435,Area Attrezzata Via S. Agata Ravenna,Ravenna,RA,Emilia-Romagna
12.20392,44.42356,Parco Pubblico Rocca Brancaleone Via Rocca Branc Ravenna,Ravenna,RA,Emilia-Romagna
11.85982,44.43895,Parco Ansa Santerno S.Agata sul Santerno RA,Ravenna,RA,Emilia-Romagna
11.86031,44.44504,Parco Vincenzo Ricci S.Agata sul Santerno RA,Ravenna,RA,Emilia-Romagna
11.86209,44.44441,Parco dei Frassini S.Agata sul Santerno RA,Ravenna,RA,Emilia-Romagna
11.86366,44.44289,Parco del Rivalone S.Agata sul Santerno RA,Ravenna,RA,Emilia-Romagna
12.0262,44.50545,Parco Arcobaleno - Alfonsine Ra,Ravenna,RA,Emilia-Romagna
12.19285,44.42975,Area Verde Via Rotta,Ravenna,RA,Emilia-Romagna
12.2062,44.41845,Giardino Speyer Ravenna,Ravenna,RA,Emilia-Romagna
12.2083,44.41425,Giardini Pubblici Ravenna,Ravenna,RA,Emilia-Romagna
12.20887,44.39106,Area Giochi Via Del Pino,Ravenna,RA,Emilia-Romagna
12.21302,44.38984,Area Verde Via Dell'ulivo,Ravenna,RA,Emilia-Romagna
12.2168,44.27667,Villa Corridi,Ravenna,RA,Emilia-Romagna
12.22172,44.50802,Oasi Wwf Di Punte Alberete Ravenna,Ravenna,RA,Emilia-Romagna
12.2219,44.4169,Parco Mani Fiorite Ravenna,Ravenna,RA,Emilia-Romagna
12.22461,44.38609,Parco Pubblico Via Montefeltro,Ravenna,RA,Emilia-Romagna
12.234,44.3791,Area Giochi Di Classe,Ravenna,RA,Emilia-Romagna
12.25317,44.2579,Area Verde Tennis Castiglione,Ravenna,RA,Emilia-Romagna
12.261,44.261,Area Verde Castiglione,Ravenna,RA,Emilia-Romagna
12.33016,44.27229,Ingresso Parco Naturale Cervia,Ravenna,RA,Emilia-Romagna
12.33869,44.27853,La Casa Delle Farfalle E Il Mondo Degli Insetti,Ravenna,RA,Emilia-Romagna
12.3408,44.24412,Saline Di Cervia Riserva Naturale,Ravenna,RA,Emilia-Romagna
12.35148,44.26101,Parco delle Rimembranze,Ravenna,RA,Emilia-Romagna
12.35701,44.26546,Parco Giardino e campi tennis,Ravenna,RA,Emilia-Romagna
12.27393,44.51254,Area Giochi Di Marina Romea,Ravenna,RA,Emilia-Romagna
11.91364,43.80128,Foreste Casentinesi Vers. Ro Bagno Di Romagna,Forli'-Cesena,FC,Emilia-Romagna
11.961,43.83536,Parco Degli Gnomi Bagno Di Romagna,Forli'-Cesena,FC,Emilia-Romagna
11.67722,43.97377,Foreste Casentinesi V Portico E San Benedetto,Forli'-Cesena,FC,Emilia-Romagna
11.68807,43.98162,Foreste Casentinesi Vers. Romagnolo,Forli'-Cesena,FC,Emilia-Romagna
11.70687,43.99557,Foreste Casentinesi V Portico E San Benedetto,Forli'-Cesena,FC,Emilia-Romagna
11.70868,44.04005,Foreste Casentinesi Vers. Romagnolo Tredozio,Forli'-Cesena,FC,Emilia-Romagna
11.74044,43.87041,Foreste Casentinesi Vers. Romagnolo,Forli'-Cesena,FC,Emilia-Romagna
11.7746,43.92454,Foreste Casentinesi Vers. Romagnolo Rassina,Forli'-Cesena,FC,Emilia-Romagna
11.777,43.89878,Foreste Casentinesi Vers. Romagnolo,Forli'-Cesena,FC,Emilia-Romagna
11.79358,44.16017,Parco Pubblico Durante Doni,Forli'-Cesena,FC,Emilia-Romagna
11.79388,43.92532,Giardino Botanico di Valbonella>390543917912,Forli'-Cesena,FC,Emilia-Romagna
12.02442,44.22616,Area Attrezzata - Via Sapinia - Forli Fc,Forli'-Cesena,FC,Emilia-Romagna
12.03036,44.20109,Parco Incontro Via Caprera Forli,Forli'-Cesena,FC,Emilia-Romagna
12.03036,44.22993,Parco Della Pace Via Isonzo Forli,Forli'-Cesena,FC,Emilia-Romagna
12.03139,44.21086,Parco Urbano Via Sandro Pertini Forli,Forli'-Cesena,FC,Emilia-Romagna
12.03817,44.21324,Area Verde - Via Silvio Corbari - Forli Fc,Forli'-Cesena,FC,Emilia-Romagna
12.04926,44.21825,Giardini Pubblici Piazzale Della Vittoria Forli,Forli'-Cesena,FC,Emilia-Romagna
12.06299,44.21413,Parco Verre Via Francesco Balilla Pratella Forli,Forli'-Cesena,FC,Emilia-Romagna
12.08462,44.20227,Parco Comunale Via Lido Ronco,Forli'-Cesena,FC,Emilia-Romagna
12.128,44.184,Area Verde Via Pertini,Forli'-Cesena,FC,Emilia-Romagna
12.2275,44.1328,Parco Urbano Via Empoli,Forli'-Cesena,FC,Emilia-Romagna
12.23309,44.17929,Parco Belvedere Via Olimpio Foschi Cesena,Forli'-Cesena,FC,Emilia-Romagna
12.24993,44.14976,Parco Iqbal Masih Via Nello Casali Cesena,Forli'-Cesena,FC,Emilia-Romagna
12.26389,44.13734,Parco E Area Giochi - Viale Abruzzi - Cesena Fc,Forli'-Cesena,FC,Emilia-Romagna
12.3827,44.21177,Parco Pubblico - Viale G. Mazzini - Cesenatico Fc,Forli'-Cesena,FC,Emilia-Romagna
12.40861,44.19238,Area Giochi - Via G. C. Abba - Cesenatico Fc,Forli'-Cesena,FC,Emilia-Romagna
12.4107,44.18943,Parco Di Levante - Cesenatico Fc,Forli'-Cesena,FC,Emilia-Romagna
12.4408,44.1691,Giardini Don Guanella Via Gramsci Gatteo a Mare FC,Forli'-Cesena,FC,Emilia-Romagna
12.54559,43.87307,Grotte Di Onferno E Riserva Nat. Rn,Rimini,RN,Emilia-Romagna
12.56171,43.95338,Parco Oasi Del Marano,Rimini,RN,Emilia-Romagna
12.7455,43.95806,Area Verde - Via N. Rudi - Cattolica Rn,Rimini,RN,Emilia-Romagna
12.73812,43.95956,Parco Ventena Piazza Del Parco Cattolica,Rimini,RN,Emilia-Romagna
12.66345,43.98891,Parco Delle Rose Viale Dei Tigli Riccione,Rimini,RN,Emilia-Romagna
12.67066,43.98994,Parco Vittime Civili Del 2 Agosto Viale Messina Riccione,Rimini,RN,Emilia-Romagna
12.66036,43.99079,Parco G. Rossa Viale Ortona Riccione,Rimini,RN,Emilia-Romagna
12.66551,43.99235,Parco A. Della Chiesa Viale Limentani Riccione,Rimini,RN,Emilia-Romagna
12.65007,43.99354,Parco Benedetto Croce Viale Circonvallazione Riccione,Rimini,RN,Emilia-Romagna
12.65762,43.99956,Parco Centrale Via Delle Magnolie Riccione,Rimini,RN,Emilia-Romagna
12.56235,44.06478,Parco 25 Aprile Viale Tiberio Rimini,Rimini,RN,Emilia-Romagna
12.56853,44.07389,Parco Briolini San Giuliano A Mare,Rimini,RN,Emilia-Romagna
12.56886,44.05535,Parco Olga Bondi Parco Olga Bondi Rimini,Rimini,RN,Emilia-Romagna
12.57621,44.06007,Parco Alcide Cervi Viale Roma Rimini,Rimini,RN,Emilia-Romagna
12.57849,44.07286,Parco Federico Fellini Rimini,Rimini,RN,Emilia-Romagna
12.63393,44.0078,Parco Platorre Viale Reno Riccione,Rimini,RN,Emilia-Romagna
12.64338,44.00624,Parco Della Resistenza Riccione,Rimini,RN,Emilia-Romagna
10.01696,44.18082,Parco Naturale Alpi Apuane Sp57 Aulla,Massa Carrara,MS,Toscana
10.08578,44.10203,Parco Naturale Alpi Apuane Ss446dir Carrara,Massa Carrara,MS,Toscana
10.11308,44.00024,Magliano Via Gioacchino Rossini Marina Di Massa,Massa Carrara,MS,Toscana
10.1138,43.99942,Parco pubblico dei Ronchi recintato per i bambini,Massa Carrara,MS,Toscana
10.11666,43.99805,Oasi Wwf,Massa Carrara,MS,Toscana
10.1196,44.05997,Parco Naturale Alpi Apuane Via Foce Massa,Massa Carrara,MS,Toscana
10.14107,44.11576,Parco Naturale Alpi Apuane Carrara,Massa Carrara,MS,Toscana
10.2129,44.1213,Riserva Statale Orecchiella,Lucca,LU,Toscana
10.24561,43.86685,Parco Dei Bambini Xxv Aprile Piazza Massimo D' Viareggio,Lucca,LU,Toscana
10.26048,43.93586,villa parco le pianore,Lucca,LU,Toscana
10.33572,44.15644,Parco Naturale Alpi Apuane Ss445 Camporgiano,Lucca,LU,Toscana
10.3577,44.20326,Parco Dell'orecchiella - Loc. San Romano,Lucca,LU,Toscana
10.37452,44.10992,Parco Naturale Alpi Apuane Sp6 Castelnuovo Di Garfagnana,Lucca,LU,Toscana
10.37744,44.1295,Parco Naturale Alpi Apuane Ss445 Camporgiano,Lucca,LU,Toscana
10.48902,44.03319,Parco Naturale Alpi Apuane Sp20 Gallicano,Lucca,LU,Toscana
10.5031,43.84558,Palazzo Pfanner Lucca,Lucca,LU,Toscana
10.51031,43.84146,Orto Botanico Comunale Lucca,Lucca,LU,Toscana
10.51031,43.84283,Villa Bottini Lucca,Lucca,LU,Toscana
10.65227,43.90016,Parco Di Pinocchio Strada Provinciale Pescia,Pistoia,PT,Toscana
10.65394,43.90002,Parco Villa Garzoni Collodi,Pistoia,PT,Toscana
10.6544,43.89991,Collodi Butterfly House,Pistoia,PT,Toscana
10.77243,43.88963,Parco Pineta,Pistoia,PT,Toscana
10.77299,43.88781,Pineta,Pistoia,PT,Toscana
10.77406,43.89248,Parco Da Golf,Pistoia,PT,Toscana
10.77454,43.88852,Parco Verde,Pistoia,PT,Toscana
10.90565,43.95011,Parco Puccini Via Del Villone Pistoia,Pistoia,PT,Toscana
10.91028,43.93466,Giardino Pubblico Via Pellegrino Anto Pistoia,Pistoia,PT,Toscana
10.91096,43.9333,Parco Monteoliveto Piazza Montoliveto Pistoia,Pistoia,PT,Toscana
10.91166,43.94221,Parco Della Rana Via Di Valdibrana Pistoia,Pistoia,PT,Toscana
10.97195,43.85191,PT Quarrata Giardini Via magia,Pistoia,PT,Toscana
11.00829,43.90874,Parco Sandro Pertini Via Giovanni Xxiii Agliana,Pistoia,PT,Toscana
10.92212,43.93021,Parco Piazza Della Resistenza Piazza Della Resis Pistoia,Pistoia,PT,Toscana
10.92298,43.93466,Giardino Via Dei Giardini Via Dei Giardini Pistoia,Pistoia,PT,Toscana
11.03671,43.56005,Parco Collinare Di Canonica,Firenze,FI,Toscana
11.0792,43.64603,parco pubblico attrezzato,Firenze,FI,Toscana
11.1645,43.71546,Parco Di Poggio Valicaia Via Della Poggiona Scandicci,Firenze,FI,Toscana
10.96024,43.72713,Serravalle Via Di Seravalle Empoli,Firenze,FI,Toscana
11.10155,43.78266,Parco Dei Renai,Firenze,FI,Toscana
11.11958,43.77471,Parco pubblico pista ciclabile l'ungo l'arno,Firenze,FI,Toscana
11.13769,43.77001,parco pubblico comunale,Firenze,FI,Toscana
11.14443,43.82223,Orly Via Vittorio Veneto Campi Bisenzio,Firenze,FI,Toscana
11.19591,43.82841,Giardino Ariosto Viale Ludovico Ariosto Sesto Fiorentino,Firenze,FI,Toscana
11.19599,43.77902,Giardino Comunale Via Luca Signorelli (FI),Firenze,FI,Toscana
11.19813,43.77704,Giardino Comunale Via del Saletto (FI),Firenze,FI,Toscana
11.20468,43.8291,Giardino Rimaggio Via Giuseppe Giusti Sesto Fiorentino,Firenze,FI,Toscana
11.22338,43.78464,Le Cascine Via Delle Cascine Firenze,Firenze,FI,Toscana
11.22476,43.7709,Giardino Di Villa Strozzi Via Di Soffiano Firenze,Firenze,FI,Toscana
11.22597,43.82086,Villa Medicea Di Castello Firenze,Firenze,FI,Toscana
11.23421,43.81792,Villa Medicea La Petraia Firenze,Firenze,FI,Toscana
11.24125,43.77656,Giardino Di Pal. Corsini Sul Prato Firenze,Firenze,FI,Toscana
11.24312,43.76335,Giardino Torrigiani Firenze,Firenze,FI,Toscana
11.24312,43.77605,Giardino Degli Orti Oricellari Firenze,Firenze,FI,Toscana
11.24707,43.74945,Villa Poggio Imperiale Piazzale Del Poggio Imper Firenze,Firenze,FI,Toscana
11.26492,43.76266,Giardino Dell'iris Firenze,Firenze,FI,Toscana
11.29531,43.76284,Parco Dell'anconella Via Di Villamagna Firenze,Firenze,FI,Toscana
11.26578,43.76387,Giardino Delle Rose Firenze,Firenze,FI,Toscana
11.24382,43.76438,Giardino Corsi Firenze,Firenze,FI,Toscana
11.25806,43.7649,Giardino Di Palazzo Mozzi Firenze,Firenze,FI,Toscana
11.2608,43.7649,Giardino Di Palazzo Serristori Firenze,Firenze,FI,Toscana
11.25051,43.76575,Giardino Di Boboli Firenze,Firenze,FI,Toscana
11.31575,43.7666,Villa Favard Via Aretina Firenze,Firenze,FI,Toscana
11.24621,43.76831,Giardino Di Palazzo Antinori Firenze,Firenze,FI,Toscana
11.24604,43.7685,Giardino Di Palazzo Feroni Firenze,Firenze,FI,Toscana
11.24862,43.76902,Giardino Di Palazzo Guicciardini Firenze,Firenze,FI,Toscana
11.26595,43.76934,Giardino Di Pal. Vivarelli Colonna Firenze,Firenze,FI,Toscana
11.26321,43.77347,Giardino Di Palazzo Caccinii Firenze,Firenze,FI,Toscana
11.25584,43.77484,Giardino Di Palazzo Medici Riccardi Firenze,Firenze,FI,Toscana
11.29407,43.77571,Giardini Pubblici - V. Novelli Firenze,Firenze,FI,Toscana
11.26218,43.77605,Giardino Del Museo Archeologico Via Della Colonn Firenze,Firenze,FI,Toscana
11.26029,43.77621,Giardino Di Palazzo Grifoni Firenze,Firenze,FI,Toscana
11.26648,43.77708,Giardino Della Gherardesca Firenze,Firenze,FI,Toscana
11.2488,43.77846,Giardino Di Valfonda Firenze,Firenze,FI,Toscana
11.26338,43.77846,Giardino Di Palazzo Capponii Firenze,Firenze,FI,Toscana
11.26338,43.77862,Giardino Di San Clemente Firenze,Firenze,FI,Toscana
11.2615,43.77949,Orto Botanico Firenze,Firenze,FI,Toscana
11.25944,43.78086,Giardino Di Palazzo Pandolfini Firenze,Firenze,FI,Toscana
11.28626,43.78169,Giardini Del Campo Di Marte V. Fanti Firenze,Firenze,FI,Toscana
11.2524,43.78223,Giardino Della Fortezza Da Basso Viale Filippo S Firenze,Firenze,FI,Toscana
11.27884,43.78583,Giardino Di Villa Il Ventaglio Firenze,Firenze,FI,Toscana
11.26253,43.78755,Giardino Orticoltura Firenze,Firenze,FI,Toscana
11.25634,43.78944,Villa Fabbricotti Via Vittorio Emanue Firenze,Firenze,FI,Toscana
11.25514,43.79253,Giardino Del Museo Stibbert Firenze,Firenze,FI,Toscana
11.25086,43.80849,Villa Medicea Di Careggi Firenze,Firenze,FI,Toscana
11.14511,43.83097,Parco Di Villa Montalvo E Ragnaia Via Lim Campi Bisenzio,Firenze,FI,Toscana
11.21531,43.83116,Parco Di Villa Solaria Via Degli Strozz Sesto Fiorentino,Firenze,FI,Toscana
11.2136,43.83544,Parco Della Limonaia Viale Xx Settembre Sesto Fiorentino,Firenze,FI,Toscana
11.18218,43.84368,Parco Del Neto Via Vittorio Emanue Settimello,Firenze,FI,Toscana
11.13327,43.85055,Lago Pecci Via Di Pantano Campi Bisenzio,Firenze,FI,Toscana
11.15312,43.85788,Giardino Pubblico Con Campo Da Basket,Firenze,FI,Toscana
11.43689,43.77062,Giardino pubblico,Firenze,FI,Toscana
11.43352,43.77657,Giardino pubblico,Firenze,FI,Toscana
11.43207,43.77673,Giardino pubblico,Firenze,FI,Toscana
11.63537,43.85364,Foreste Casentinesi Vers. Toscano,Firenze,FI,Toscana
11.66868,43.95972,Foreste Casentinesi Vers. Toscano San Godenzo,Firenze,FI,Toscana
10.52249,42.92544,Parco dell'Orto dei Frati - servizi ig. e giochi bambini,Livorno,LI,Toscana
10.52076,42.92669,Giardi Piazza della Costituzione - servizi ig. e giochi,Livorno,LI,Toscana
10.52134,42.92919,Piccola Area Adibita A Area Giochi Per Bambini Nella Ci,Livorno,LI,Toscana
10.52388,42.93262,Area Per Bambini - Parco Viii Marzo - Piombino Li,Livorno,LI,Toscana
10.30535,43.53504,Villa Mimbelli Via Sant'jacopo In Acquaviva Livorno,Livorno,LI,Toscana
10.30998,43.54019,Villa Regina Borgo Dei Cappuccini Livorno,Livorno,LI,Toscana
10.31066,43.55374,Fortezza Nuova Via Degli Scali Della Fortezza Nu Livorno,Livorno,LI,Toscana
10.31375,43.53778,Villa Fabbricotti Piazza Giacomo Matteotti Livorno,Livorno,LI,Toscana
10.31838,43.5371,Villa Fabbricotti Viale Della Liberta Livorno,Livorno,LI,Toscana
10.32063,43.54122,Villa Maria Livorno,Livorno,LI,Toscana
10.32096,43.55289,Parco Pubblico Livorno,Livorno,LI,Toscana
10.32118,43.55273,Zoo + Parco,Livorno,LI,Toscana
10.3214,43.55293,Parco Sandro Pertini ex Parterre-Livorno,Livorno,LI,Toscana
10.34636,43.52285,Parco Villa Corrido Via Di Collinaia Livorno,Livorno,LI,Toscana
10.34654,43.51267,Villa Mauro Gordato,Livorno,LI,Toscana
10.52883,43.28984,Parco Gallorose Cecina>393488883778,Livorno,LI,Toscana
10.34792,43.68095,Parco Migliarino San Rossore Via Deodato Orlandi Pisa,Pisa,PI,Toscana
10.35134,43.65467,Parco Migliarino San Rossore Via Del Mare Pisa,Pisa,PI,Toscana
10.35307,43.72129,Tenuta Di San Rossore Viale Delle Cascine Pisa,Pisa,PI,Toscana
10.35426,43.69794,Tenuta Di San Rossore Via Delle Lenze Pisa,Pisa,PI,Toscana
10.36285,43.70035,Parco Migliarino San Rossore Lungarno Gabriele D'an Pisa,Pisa,PI,Toscana
10.39684,43.71992,Orto Botanico Pisa,Pisa,PI,Toscana
10.40783,43.7122,Giardino Scotto Lungarno Leonardo Fibonacci Pisa,Pisa,PI,Toscana
10.45777,43.6873,Robinson Via Di Scorno Cascina,Pisa,PI,Toscana
10.63199,43.61882,Giardini,Pisa,PI,Toscana
10.63629,43.66578,Giardino bella di mai,Pisa,PI,Toscana
10.63867,43.6607,La Montagnola,Pisa,PI,Toscana
10.79643,43.64311,Parco E Lago Santa Barbara,Pisa,PI,Toscana
10.29625,43.82292,Parco Migliarino San Rossore Via Nazionale Aur Vecchiano,Pisa,PI,Toscana
10.7457,43.74292,parco Robinson,Pisa,PI,Toscana
12.01132,43.21025,Parco Madre Teresa Di Calcutta,Arezzo,AR,Toscana
11.88644,43.45784,Parco Pertini,Arezzo,AR,Toscana
11.86974,43.46012,Parco Del Pionta,Arezzo,AR,Toscana
11.88575,43.46673,Giardini Pubblici,Arezzo,AR,Toscana
11.86832,43.46698,Parco Dei Carabinieri,Arezzo,AR,Toscana
11.86283,43.47075,Giardinetti Pubblici,Arezzo,AR,Toscana
11.87648,43.47211,Parco Via Emilia,Arezzo,AR,Toscana
11.83831,43.47623,Giardinetti Pubblici,Arezzo,AR,Toscana
11.70775,43.5077,Laterina Ar,Arezzo,AR,Toscana
11.41507,43.53545,Parco Naturale Cavriglia,Arezzo,AR,Toscana
11.94042,43.7019,Foreste Casentinesi Vers. Toscano,Arezzo,AR,Toscana
11.89356,43.73915,Foreste Casentinesi Vers. Chiusi Della Verna,Arezzo,AR,Toscana
11.83837,43.76691,Foreste Casentinesi Vers. Toscano St Bibbiena,Arezzo,AR,Toscana
11.91329,43.79663,Foreste Casentinesi Vers. Chiusi Della Verna,Arezzo,AR,Toscana
11.7473,43.85226,Foreste Casentinesi Vers. Toscano,Arezzo,AR,Toscana
11.23679,43.2368,Giardino Della Villa Petraia Ingresso A Pagamento,Siena,SI,Toscana
11.29994,43.33866,Parco Ochino Via Luciano Banchi Siena,Siena,SI,Toscana
11.32277,43.3208,Giardini Pubblici Viale Vittorio Veneto Siena,Siena,SI,Toscana
11.32742,43.32355,La Lizza La Lizza Siena,Siena,SI,Toscana
11.77819,43.02499,Giardino Villa Origo Chianciano Terme SI>39057869101,Siena,SI,Toscana
11.60437,43.05925,Horti Leonini,Siena,SI,Toscana
11.33137,43.31393,Orto Botanico Siena,Siena,SI,Toscana
11.3372,43.32476,Giardino Emilio Montagnani Via Duccio Di Boninsegn Siena,Siena,SI,Toscana
11.17189,42.55931,Parco Naturale Della Maremma E80 Orbetello,Grosseto,GR,Toscana
11.17961,42.59415,Parco Naturale Della Maremma Strada Magliano In Toscana,Grosseto,GR,Toscana
11.0373,42.70008,Parco Naturale Della Maremma Strada Provinciale Grosseto,Grosseto,GR,Toscana
11.12967,42.7344,Parco Naturale Della Maremma Via Aurelia Sud Grosseto,Grosseto,GR,Toscana
11.10288,42.75454,[gr] Parco Di Via Giotto Laghetti Panchine Ciclabile Cl,Grosseto,GR,Toscana
11.12183,42.75604,[gr] Parco Dell'ombr Laghetti Panchine Pattinaggio Prati,Grosseto,GR,Toscana
11.16829,42.7569,Parco Naturale Della Maremma Strada Provinciale Grosseto,Grosseto,GR,Toscana
11.11295,42.75873,[gr] Parco Giochi Per Bambini Gratuito,Grosseto,GR,Toscana
10.76878,42.91644,Follonica - Gr - D'estate Gonfiabili,Grosseto,GR,Toscana
11.47006,42.42405,Giardino dei Tarocchi Capalbio GR>390564895122,Grosseto,GR,Toscana
11.76241,42.66705,Giardi Pubblici-Sorano-GR,Grosseto,GR,Toscana
11.06013,43.82033,Parco Della Rimembranza Via Pratese Prato,Prato,PO,Toscana
11.13978,43.85742,Il Rosi Via Cellerese Campi Bisenzio,Prato,PO,Toscana
11.13755,43.85963,La Querce Via Cerigiole La Querce,Prato,PO,Toscana
11.1173,43.86412,Lungobisenzio Mezzana Viale Montegrappa Prato,Prato,PO,Toscana
11.08555,43.86909,Parco Della Liberazione E Pace Via Dell' Ippodromo Prato,Prato,PO,Toscana
11.11575,43.87218,Lungobisenzio Mezzana Viale Della Repubblica Prato,Prato,PO,Toscana
11.10151,43.87715,Giardino Infanzia Via Pomeria Prato,Prato,PO,Toscana
11.10785,43.89725,Parco Degli Ulivi Viale Galileo Galilei Prato,Prato,PO,Toscana
11.07044,43.89759,Guado Sud Via Del Maliseti Prato,Prato,PO,Toscana
11.07164,43.89844,Guado Nord Via Del Maliseti Prato,Prato,PO,Toscana
11.10923,43.90102,Parco Fiera Via Giovanni Marradi Prato,Prato,PO,Toscana
11.08399,43.90977,Villa Fiorelli - Parco Di Galceti Via Di Galceti Prato,Prato,PO,Toscana
11.0554,43.91849,giardini bagnolo,Prato,PO,Toscana
11.03524,43.92768,giardini,Prato,PO,Toscana
11.04555,43.92978,Parco La Rocca,Prato,PO,Toscana
11.03186,43.93154,Parco Bambini,Prato,PO,Toscana
11.03218,43.93205,Parco,Prato,PO,Toscana
12.17611,43.08803,Parco Del Lago Trasimeno Strada Statale Del Tras Magione,Perugia,PG,Umbria
12.18889,43.10314,Parco Del Lago Trasimeno Strada Provinciale Di S Magione,Perugia,PG,Umbria
12.02779,43.13386,Parco Del Lago Trasimeno Strada Sta Castiglione Del Lago,Perugia,PG,Umbria
12.17833,43.15121,Parco Del Lago Trasimeno Strada Provinciale Di S Magione,Perugia,PG,Umbria
12.7503,42.7246,Monteluco Di Spoleto,Perugia,PG,Umbria
12.41489,42.76702,Parco Fluviale Del Tevere Strada Provinciale Di Mon Todi,Perugia,PG,Umbria
12.36151,42.76977,Parco Fluviale Del Tevere Strada Statale Di Baschi Todi,Perugia,PG,Umbria
12.42451,42.77595,Parco Fluviale Del Tevere Strada Provinciale Di Tod Todi,Perugia,PG,Umbria
12.39035,42.7787,Parco Fluviale Del Tevere Strada Provinciale Di Pon Todi,Perugia,PG,Umbria
12.42811,42.78522,Parco Fluviale Del Tevere Strada Provinciale Di San Todi,Perugia,PG,Umbria
12.41368,42.79364,Parco Fluviale Del Tevere Strada Statale Orvietana Todi,Perugia,PG,Umbria
12.76723,42.83387,Fonti Clitunno V Flaminia Camp. Clitunno PG>390743521141,Perugia,PG,Umbria
12.70277,42.95174,Parco Dei Canape Via Santa Caterina Foligno,Perugia,PG,Umbria
12.69882,42.95259,Parco Dei Canape Passeggiata Dei Canape Foligno,Perugia,PG,Umbria
12.24825,42.96334,Labirinto del Castello Monte Vibiano Vecchio Marsciano PG,Perugia,PG,Umbria
12.88027,43.0204,Parco Colfiorito,Perugia,PG,Umbria
12.70396,43.02172,Parco Del Monte Subasio Strada Provinciale Di Spe Spello,Perugia,PG,Umbria
12.89142,43.03704,Parco Colfiorito Strada Provinciale Di Annifo Foligno,Perugia,PG,Umbria
12.63101,43.05421,Parco Del Monte Subasio Strada Statale Di Assisi Assisi,Perugia,PG,Umbria
12.61557,43.05746,Parco Del Monte Subasio Sefro,Perugia,PG,Umbria
12.69795,43.05902,Parco Del Monte Subasio Strada Provinciale Di Spe Assisi,Perugia,PG,Umbria
12.60181,43.07566,Parco Del Monte Subasio Strada Statale Di Assisi Assisi,Perugia,PG,Umbria
12.39756,43.09764,Orto Botanico Via San Costanzo Perugia,Perugia,PG,Umbria
12.39035,43.10366,Parco Di Sant'anna Via Dei Filosofi Perugia,Perugia,PG,Umbria
12.38142,43.10485,Parco Della Pescaia Via Venti Settembre Perugia,Perugia,PG,Umbria
12.38554,43.1052,Giardini Di Santa Giuliana Via Venti Settembre Perugia,Perugia,PG,Umbria
12.38759,43.10829,Giardini Carducci Corso Pietro Vannucci Perugia,Perugia,PG,Umbria
12.38484,43.10984,Giardini Del Campaccio Viale Pompeo Pellini Perugia,Perugia,PG,Umbria
12.39035,43.11069,Giardini Del Pincetto Perugia,Perugia,PG,Umbria
12.38519,43.11119,Giardini Della Canapina Via Della Canapina Perugia,Perugia,PG,Umbria
12.46065,43.15945,Parco Giochi Bambini Trilogy Club,Perugia,PG,Umbria
12.76023,43.27103,Parco Del Monte Cucco Via Flaminia Fossato Di Vico,Perugia,PG,Umbria
12.73727,43.28733,Parco Del Monte Cucco Strada Statale Di Fossato Di Vico,Perugia,PG,Umbria
12.79633,43.29951,Parco Del Monte Cucco Bettona,Perugia,PG,Umbria
12.65126,43.40097,Parco Del Monte Cucco Strada Statal Scheggia E Pascelupo,Perugia,PG,Umbria
12.64694,43.42552,Parco Del Monte Cucco Via Flaminia Scheggia E Pascelupo,Perugia,PG,Umbria
12.74757,43.44955,Parco Del Monte Cucco Strada Provin Scheggia E Pascelupo,Perugia,PG,Umbria
13.08351,42.79518,Parco Nazionale Dei Monti Sibillini,Perugia,PG,Umbria
12.89554,43.03516,Parco Colfiorito Pieve Torina,Perugia,PG,Umbria
12.18984,42.69527,Parco Fluviale Del Tevere Ss205 Orvieto,Terni,TR,Umbria
12.52383,42.51784,Giardini Pubblici,Terni,TR,Umbria
12.51679,42.53453,Parco dei Pini via del parco 10 Narni Scalo TR,Terni,TR,Umbria
12.70569,42.55157,Parco Fluviale Del Nera Ss79 Terni,Terni,TR,Umbria
12.64818,42.55194,Parco Delle Grazie Strada Delle Grazie Terni,Terni,TR,Umbria
12.70516,42.55485,Parco Fluviale Del Nera Ss209 Terni,Terni,TR,Umbria
12.64371,42.55949,Giardini Pubblici Via Del Vescovado Terni,Terni,TR,Umbria
12.65797,42.56224,Pineta Centurini Viale Centurini Terni,Terni,TR,Umbria
12.6329,42.56739,Giardini Pubblici Viale Mario Umberto Borzacchini Terni,Terni,TR,Umbria
12.77315,42.60549,Parco Fluviale Del Nera Strada Statale Valne Montefranco,Terni,TR,Umbria
12.80018,42.63491,Parco Fluviale Del Nera Ss209 Ferentillo,Terni,TR,Umbria
12.82666,42.66595,Parco Fluviale Del Nera Ss209 Ferentillo,Terni,TR,Umbria
12.24752,42.69871,Parco Fluviale Del Tevere Ss448 Baschi,Terni,TR,Umbria
12.23495,42.76483,Parco Fluviale Del Tevere Ss79bis Orvieto,Terni,TR,Umbria
12.28592,42.7807,Parco Fluviale Del Tevere Ss79bis Orvieto,Terni,TR,Umbria
12.89227,43.91355,Parco Della Pace Via Redipuglia Pesaro,Pesaro e Urbino,PU,Marche
12.99425,43.79757,Parco Bellocchi,Pesaro e Urbino,PU,Marche
12.99311,43.80235,Parco Bellocchi,Pesaro e Urbino,PU,Marche
13.00633,43.83419,Giardinetti Piazza del Popolo Fano,Pesaro e Urbino,PU,Marche
13.01262,43.84118,Giardinetti Passeggi Fano,Pesaro e Urbino,PU,Marche
13.02288,43.84754,Giardinetti Sassonia Fano,Pesaro e Urbino,PU,Marche
13.00924,43.84756,Giardinetti Via Persiutti Fano,Pesaro e Urbino,PU,Marche
12.91959,43.89349,Parco Scarpellini - Pesaro,Pesaro e Urbino,PU,Marche
12.90074,43.90424,Parco Miralfiori - Pesaro,Pesaro e Urbino,PU,Marche
12.90914,43.9161,Parco Molaroni - Pesaro,Pesaro e Urbino,PU,Marche
13.22943,43.51496,Parco Del Ventaglio Via I Maggio Jesi,Ancona,AN,Marche
13.22393,43.51736,Parco Dell'esedra Piazza Domenico Ricci Jesi,Ancona,AN,Marche
13.22994,43.51924,Giardini Viale Felice Cavallotti Jesi,Ancona,AN,Marche
13.51652,43.56887,Parco Mendez Ancona,Ancona,AN,Marche
13.02305,43.58,I Giardini Di Luna - Barbara,Ancona,AN,Marche
13.50021,43.58542,Parco Togliatti Ancona,Ancona,AN,Marche
13.51605,43.59411,Parco Verbena,Ancona,AN,Marche
13.51543,43.59605,Parco Della Montagnola,Ancona,AN,Marche
13.51368,43.59872,Fantasia Via Fermo Ancona,Ancona,AN,Marche
13.48507,43.60144,Parco Belvedere,Ancona,AN,Marche
13.5155,43.60182,Parco Villa Beer,Ancona,AN,Marche
13.51163,43.603,Le Grazie Via Delle Grazie Ancona,Ancona,AN,Marche
13.51629,43.60656,Parco Montemarino,Ancona,AN,Marche
13.50906,43.60901,Parco Tiziano,Ancona,AN,Marche
13.51284,43.61125,Parco Citadella Ancona,Ancona,AN,Marche
13.51473,43.61212,Parco Lunetta Ancona,Ancona,AN,Marche
13.51368,43.61246,Parco San Costanzo Via San Costanzo Ancona,Ancona,AN,Marche
13.51249,43.61468,Parco Bezzecca Via Bezzecca Ancona,Ancona,AN,Marche
13.51822,43.61989,Parco Del Cardeto,Ancona,AN,Marche
13.51717,43.62119,Parco Del Cardeto,Ancona,AN,Marche
13.51468,43.62198,Parco Del Cardeto,Ancona,AN,Marche
13.6021,43.48096,Parco Regionale Del Monte Conero Sp23 Numana,Ancona,AN,Marche
13.63558,43.48234,Parco Regionale Del Monte Conero Strada Provincia Numana,Ancona,AN,Marche
13.59249,43.50791,Parco Regionale Del Monte Conero Sp2 Sirolo,Ancona,AN,Marche
13.54699,43.53298,Parco Regionale Del Monte Conero Camerano,Ancona,AN,Marche
13.52245,43.56301,Parco Regionale Del Monte Conero Strada Di Passo Ancona,Ancona,AN,Marche
13.52606,43.57281,Parco Regionale Del Monte Conero Strada Di Passo Ancona,Ancona,AN,Marche
13.51902,43.59614,Parco Pubblico Via Ugo Foscolo Ancona,Ancona,AN,Marche
13.54094,43.60374,Parco Regionale Del Monte Conero Via Del Conero Ancona,Ancona,AN,Marche
13.53207,43.61177,Parco Regionale Del Monte Conero Via Del Conero Ancona,Ancona,AN,Marche
13.51885,43.61262,Parco Pincio Via Circonvallazione Ancona,Ancona,AN,Marche
13.51983,43.61293,Parco Del Pincio,Ancona,AN,Marche
13.53394,43.61486,Il Passetto Piazza Quattro Novembre Ancona,Ancona,AN,Marche
13.52207,43.6192,Parco Del Cardeto,Ancona,AN,Marche
13.03608,42.90829,Parco Nazionale Dei Monti Sibillini Str Visso,Macerata,MC,Marche
13.08209,42.93684,Parco Nazionale Dei Monti Sibillini Str Visso,Macerata,MC,Marche
13.27834,43.07429,Parco Nazionale Dei Monti Sibilli San Ginesio,Macerata,MC,Marche
13.13175,43.07516,Parco Nazionale Dei Monti Sibillini S Fiastra,Macerata,MC,Marche
13.13724,43.08184,Parco Nazionale Dei Monti Sibillini S Fiastra,Macerata,MC,Marche
13.06322,43.13162,parco giochi la rocca Camerino,Macerata,MC,Marche
13.07208,43.14533,parco giochi Camerino,Macerata,MC,Marche
13.44724,43.29837,Parco Fontescodella,Macerata,MC,Marche
13.44692,43.29882,Parco Naturale Di Fontescodella Via Antonio Mug Macerata,Macerata,MC,Marche
13.44606,43.30038,Giardini Diaz Via Giardini Diaz Macerata,Macerata,MC,Marche
13.73579,43.30316,Giardini,Macerata,MC,Marche
13.73328,43.30736,Parco giochi,Macerata,MC,Marche
13.62781,43.36999,parco colle bianco,Macerata,MC,Marche
13.66714,43.42599,Eurovillage Viale Europa Porto Recanati MC,Macerata,MC,Marche
13.30838,42.77492,Parco Nazionale Dei Monti Sibillini Trisungo,Ascoli Piceno,AP,Marche
13.33672,42.88307,Parco Nazionale Dei Monti Sibilli Montemonaco,Ascoli Piceno,AP,Marche
13.89457,42.9113,Parco Eleonora-San Benedetto del Tronto-AP,Ascoli Piceno,AP,Marche
13.34889,42.97645,Parco Nazionale Dei Monti Sibillini Amandola,Fermo,FM,Marche
13.32975,43.00283,Parco Nazionale Dei Monti Sibillini Amandola,Fermo,FM,Marche
13.70519,43.1908,Parco Fluviale Alex Langer,Fermo,FM,Marche
11.72173,42.20131,Le saline-Tarquinia-VT,Viterbo,VT,Lazio
11.90645,42.26093,Area Atrezzata Per Pic- Nic Con Ciochi Per Bambini,Viterbo,VT,Lazio
12.13771,42.15999,Villa Altieri,Viterbo,VT,Lazio
12.42158,42.21633,Parco Suburbano Valle Del Treja Sp79 Calcata,Viterbo,VT,Lazio
12.24818,42.4895,Sacro Bosco di Bomarzo Bomarzo VT>390761924029,Viterbo,VT,Lazio
12.91781,42.11822,Parco Naturale Dei Monti Lucretili Strada Statal Orvinio,Rieti,RI,Lazio
12.59578,41.49086,Riserva Tor Caldara,Roma,RM,Lazio
12.6426,41.45411,Parco di Villa Borghese,Roma,RM,Lazio
12.6638,41.46191,parco loricina,Roma,RM,Lazio
12.6776,41.45664,Parco - Via della Liberazione - Nettuno,Roma,RM,Lazio
11.80198,42.09207,Parco della risistenza-Civitavecchia-RM,Roma,RM,Lazio
11.80789,42.08726,Parco Dell'uliveto,Roma,RM,Lazio
11.8127,42.08272,La rotonda-Civitavecchia-RM,Roma,RM,Lazio
11.81597,42.07356,parco di San Gordiano-Civitavecchia-RM,Roma,RM,Lazio
11.81617,42.0733,Parco Di San Gordiano,Roma,RM,Lazio
11.84307,42.03327,Parco Kennedy,Roma,RM,Lazio
12.2628,41.73944,Parco Giuseppe Pallotta Via Delle Ebridi Lido Di Ostia,Roma,RM,Lazio
12.32888,41.72246,Pineta Di Castel Fusano Viale Della Villa Di Plinio Roma,Roma,RM,Lazio
12.40287,42.21083,Parco Suburbano Valle Del Treja Sp17b Mazzano Romano,Roma,RM,Lazio
12.42261,41.7987,La porta di Lupo Alberto Viale G. Bonelli snc Roma RM,Roma,RM,Lazio
12.42488,41.79607,La Porta di Corto Maltese Viale G. Bonelli snc Roma RM,Roma,RM,Lazio
12.43053,41.79768,La porta di Zagor Viale B. Cavaceppi snc Roma RM,Roma,RM,Lazio
12.4364,41.80215,La porta di Dylan Dog Viale Guglielmi snc Roma RM,Roma,RM,Lazio
12.44095,41.77874,parco attrezzato - giochi bimbi comunale,Roma,RM,Lazio
12.44836,41.88056,Passeggiata Del Gianicolo Viale Otto Marzo Roma,Roma,RM,Lazio
12.45575,41.88742,Villa Doria Pamphili Viale Del Casino Corsini Roma,Roma,RM,Lazio
12.46347,41.88502,Villa Sciarra Roma,Roma,RM,Lazio
12.46588,41.89241,Orto Botanico Roma,Roma,RM,Lazio
12.46656,41.87456,Parco Gheranaccio Via Crescenzo Del Monte Roma,Roma,RM,Lazio
12.47978,41.92913,Villa Glori Viale Dei Settanta Roma,Roma,RM,Lazio
12.48303,41.91593,Villa Borghese Largo Pablo Picasso Roma,Roma,RM,Lazio
12.49592,41.88486,Villa Celimontana Via Della Navicella Roma,Roma,RM,Lazio
12.49746,41.89086,Parco Del Colle Oppio Viale Della Domus Aurea Roma,Roma,RM,Lazio
12.49941,41.87909,Parco Egerio Roma,Roma,RM,Lazio
12.50001,41.87555,Parco Degli Scipioni Roma,Roma,RM,Lazio
12.50708,41.92829,Villa Ada Roma,Roma,RM,Lazio
12.50844,41.91627,Villa Paganini Roma,Roma,RM,Lazio
12.64235,41.74821,Parco Suburbano Castelli Romani Via Anto Castel Gandolfo,Roma,RM,Lazio
12.64869,41.74856,Parco Suburbano Castelli Romani Via Card Castel Gandolfo,Roma,RM,Lazio
12.6468,41.7549,Parco Suburbano Castelli Romani Via Antonio Costa Marino,Roma,RM,Lazio
12.65659,41.7652,Parco Suburbano Castelli Romani Via Dei Laghi Marino,Roma,RM,Lazio
12.67107,41.78293,Parco degli ulivi-Grottaferrata-RM,Roma,RM,Lazio
12.58364,41.83563,spazio verde con altalene e scivoli,Roma,RM,Lazio
12.55963,41.85176,Parco degli Aquedotti-v.Lemonia-Roma,Roma,RM,Lazio
12.52182,41.8717,Villa Lazzaroni En.3,Roma,RM,Lazio
12.52525,41.87264,Villa Lazzaroni En.2,Roma,RM,Lazio
12.52441,41.87323,Villa Lazzaroni En.1,Roma,RM,Lazio
12.5328,41.87596,Villa Lais Ent. 2,Roma,RM,Lazio
12.53218,41.87691,Villa Lais,Roma,RM,Lazio
12.55205,41.87725,Villa De Sanctis v.Casilina ang. v.Gordiani ROMA,Roma,RM,Lazio
12.58556,41.8779,Parco Tor Tre Teste Entrata 1,Roma,RM,Lazio
12.52314,41.88478,Villa Fiorelli,Roma,RM,Lazio
12.57316,41.88486,Parco Teresa Di Calcutta Viale Palmiro Togliatti Roma,Roma,RM,Lazio
12.57062,41.8858,Parco Madre Teresa di Calcutta-Ingr.v.dei pini-Roma,Roma,RM,Lazio
12.5702,41.89045,Parco Don Cadmo Biavati-v.delle Palme-Roma,Roma,RM,Lazio
12.58123,41.89064,Parco Tor Tre Teste Entrata 2,Roma,RM,Lazio
12.5531,41.8936,Villa Gordiani Entrata 2,Roma,RM,Lazio
12.55381,41.89469,Villa Gordiani,Roma,RM,Lazio
12.56825,41.90713,Parco Baden Powell,Roma,RM,Lazio
12.50998,41.91524,Villa Torlonia Via Nomentana Roma,Roma,RM,Lazio
12.52373,41.93849,Parco Delle Valli - Area Protetta Ed Attrezzata,Roma,RM,Lazio
12.58857,41.94712,Giardino di via Guido Gonella localita' Torraccia,Roma,RM,Lazio
12.58681,41.94879,Parco del casale di Torraccia,Roma,RM,Lazio
12.58244,41.94889,Giardino Emilio Betti Via Antonio Castellari Roma,Roma,RM,Lazio
12.5836,41.94978,Giardino di Piazza Gaspare Ambrosini,Roma,RM,Lazio
12.58029,41.9509,Punto verde di qualita' Torraccia,Roma,RM,Lazio
12.55529,41.95136,Parco Della Cecchina,Roma,RM,Lazio
12.52285,41.96534,Parco Musco,Roma,RM,Lazio
12.67547,41.72623,Parco Suburbano Castelli Romani Via Dell' Uccell Ariccia,Roma,RM,Lazio
12.67942,41.8059,Parco Suburbano Castelli Romani Via Cicerone Frascati,Roma,RM,Lazio
12.6808,41.80212,Parco Suburbano Castelli Romani Ss215 Frascati,Roma,RM,Lazio
12.69213,41.74821,Parco Suburbano Castelli Romani Via Dei La Rocca Di Papa,Roma,RM,Lazio
12.70448,41.6926,Parco Suburbano Castelli Romani Ss7 Genzano Di Roma,Roma,RM,Lazio
12.71057,41.98689,parco giochi,Roma,RM,Lazio
12.73762,41.71062,Parco Suburbano Castelli Romani Via Dei Laghi Velletri,Roma,RM,Lazio
12.77297,42.09135,Parco Naturale Dei Monti Lucretili Sp23b Stazzano,Roma,RM,Lazio
12.77367,42.11351,Parco Naturale Dei Monti Lucretili Via Roma Moricone,Roma,RM,Lazio
12.79082,42.02819,Parco Naturale Dei Monti Lucretili Via Maremm Marcellina,Roma,RM,Lazio
12.79374,41.76847,Parco Suburbano Castelli Romani Strada Stat Rocca Priora,Roma,RM,Lazio
12.80596,42.0249,giardini padre pio,Roma,RM,Lazio
12.88403,42.01052,Parco Naturale Dei Monti Lucretili Ss5 Vicovaro,Roma,RM,Lazio
12.89842,42.07347,Parco Naturale Dei Monti Lucretili Strada Statal Licenza,Roma,RM,Lazio
13.03476,42.01514,Parco Naturale Monti Simbruini Sp39b Arsoli,Roma,RM,Lazio
13.06824,41.96022,Parco Naturale Monti Simbruini Sp43a Subiaco,Roma,RM,Lazio
13.09467,41.93893,Parco Naturale Monti Simbruini Sp40a Subiaco,Roma,RM,Lazio
13.10359,41.92604,Parco Naturale Monti Simbruini Via Dei Monasteri Subiaco,Roma,RM,Lazio
12.94657,41.54012,Parco Giochi Per Bambini,Latina,LT,Lazio
13.23612,41.28868,Parco Del Quartiere Via Vittorio Bachelet Terracina,Latina,LT,Lazio
13.2459,41.28575,Villa Tomassini Piazza Gigi Nofi Terracina,Latina,LT,Lazio
13.24899,41.28747,Area Chezzi Piazza Giuseppe Mazzini Terracina,Latina,LT,Lazio
13.25175,41.2868,Parco del Montuno di Terracina (LT) via Alighieri,Latina,LT,Lazio
13.25226,41.29005,Parco Della Rimembranza Via San Francesco Nuov Terracina,Latina,LT,Lazio
13.53339,41.29327,parco pubblico e parco giochi,Latina,LT,Lazio
13.57383,41.21024,Parco Regionale di Monte Orlando Gaeta,Latina,LT,Lazio
13.57573,41.21199,Parco Regionale Uffici Riviera di Ulisse,Latina,LT,Lazio
13.67249,41.25571,Parco Suburbano Gianola E M. Scauri Via Delle Vig Formia,Latina,LT,Lazio
13.68725,41.26139,Parco Suburbano Gianola E M. Scauri Ss7 Formia,Latina,LT,Lazio
13.73003,41.24377,Giochi,Latina,LT,Lazio
12.95294,41.58342,Giardini e Rovine Ninfa Cisterna Latina LT>390696000062,Latina,LT,Lazio
13.60544,41.55525,Parco comunale Colfelice (FR),Frosinone,FR,Lazio
13.22581,41.85688,Parco Naturale Monti Simbruini Sp28 Trevi Nel Lazio,Frosinone,FR,Lazio
13.57016,41.67691,Giardinetti,Frosinone,FR,Lazio
13.37551,41.92348,Parco Naturale Monti Simbruini Canistro,L'Aquila,AQ,Abruzzo
13.42478,42.02971,Villa Torlonia piazza Torlonia Avezzano AQ,L'Aquila,AQ,Abruzzo
13.45464,42.28432,Parco Regionale Sirente-Velino Ss5bis Ocre,L'Aquila,AQ,Abruzzo
13.47133,41.88593,Giardini Comunali Piazza Centrale,L'Aquila,AQ,Abruzzo
13.49687,42.27109,Parco Regionale Sirente-Velino Ocre,L'Aquila,AQ,Abruzzo
13.52433,42.10234,Parco Regionale Sirente-Velino Ss5bis Ovindoli,L'Aquila,AQ,Abruzzo
13.53584,41.95761,Villa Comunale Trasacco AQ,L'Aquila,AQ,Abruzzo
13.57034,42.26818,Parco Regionale Sirente-Velino Ss261 Fagnano Alto,L'Aquila,AQ,Abruzzo
13.59747,42.2517,Parco Regionale Sirente-Velino Fagnano Alto,L'Aquila,AQ,Abruzzo
13.67154,42.06111,Parco Regionale Sirente-Velino Ss5 Collarmele,L'Aquila,AQ,Abruzzo
13.70458,42.0699,Parco Regionale Sirente-Velino Ss5 Castelvecchio Subequo,L'Aquila,AQ,Abruzzo
13.73377,42.25701,Parco Nazionale Del Gran Sasso Ss153 Navelli,L'Aquila,AQ,Abruzzo
13.74728,41.87356,Parco Nazionale D'abruzzo Ss8 Gioia Dei Marsi,L'Aquila,AQ,Abruzzo
13.76325,42.13068,Parco Regionale Sirente-Velino Ss5 Molina Aterno,L'Aquila,AQ,Abruzzo
13.76686,41.89884,Parco Nazionale D'abruzzo Bisegna,L'Aquila,AQ,Abruzzo
13.82161,41.75688,Parco Nazionale D'abruzzo Pescasseroli,L'Aquila,AQ,Abruzzo
13.89929,41.7821,Camosciara Parco Nazionale D'abruzzo,L'Aquila,AQ,Abruzzo
13.93099,42.04932,Parco Pubblico Pzza T.Iacovone Sulmona-Aq,L'Aquila,AQ,Abruzzo
13.98834,42.04175,Parco Nazionale Della Majella Ss487 Pacentro,L'Aquila,AQ,Abruzzo
13.98937,41.74409,Parco Nazionale D'abruzzo Ss83 Barrea,L'Aquila,AQ,Abruzzo
14.01268,42.00175,Parco Nazionale Della Majella Cansano,L'Aquila,AQ,Abruzzo
14.01558,41.97351,Parco Nazionale Della Majella Cansano,L'Aquila,AQ,Abruzzo
14.08292,41.88658,Parco Nazionale Della Majella S Pescocostanzo,L'Aquila,AQ,Abruzzo
14.09706,41.77699,Parco Acquatico Castel Sangro AQ,L'Aquila,AQ,Abruzzo
14.10713,41.78212,Giardini Pubblici Comunali Castel Sangro AQ,L'Aquila,AQ,Abruzzo
13.40437,42.35304,Parco del Castello Cinquecentesco dell'Aquila,L'Aquila,AQ,Abruzzo
13.48278,42.37683,Parco Nazionale Del Gran Sasso Ss17b L'aquila,L'Aquila,AQ,Abruzzo
13.34496,42.44242,Parco Nazionale Del Gran Sasso Ss80 Pizzoli,L'Aquila,AQ,Abruzzo
13.26924,42.5485,Parco Nazionale Del Gran Sasso Str Montereale,L'Aquila,AQ,Abruzzo
13.65734,42.52898,Parco Nazionale Del Gran Sasso Ss49 Colledara,Teramo,TE,Abruzzo
13.65686,42.52928,Parco Nazionale Del Gran Sasso Colledara,Teramo,TE,Abruzzo
13.6524,42.53134,Parco Nazionale Del Gran Sasso Ss49 Colledara,Teramo,TE,Abruzzo
13.59506,42.57733,Parco Nazionale Del Gran S Montorio Al Vomano,Teramo,TE,Abruzzo
13.71009,42.65741,Parco Ivan Graziani-Teramo,Teramo,TE,Abruzzo
13.7098,42.66099,Parco fluviale Vezzola-Teramo,Teramo,TE,Abruzzo
13.69802,42.66197,Villa comunale-Teramo,Teramo,TE,Abruzzo
13.64262,42.68582,Parco Nazionale Del Gran Sasso Sp50b Teramo,Teramo,TE,Abruzzo
13.8141,42.23899,Parco Nazionale Del Gran Sas Bussi Sul Tirino,Pescara,PE,Abruzzo
13.83184,42.17125,Parco Del Sole Via Don Bosco Popoli PE,Pescara,PE,Abruzzo
13.84002,42.29925,Parco Nazionale Del Gran Sasso Ss602 Brittoli,Pescara,PE,Abruzzo
13.93263,42.24168,Parco Provinciale Via Einaudi Torre De' Passeri-Pe,Pescara,PE,Abruzzo
13.97132,42.29516,Giochilandia Pza Umberto I Alanno PE,Pescara,PE,Abruzzo
13.99693,42.21754,Parco Nazionale Della Majella Stra Abbateggio,Pescara,PE,Abruzzo
14.038,42.23526,Parco Santa Liberata Via Cese Lettomanoppello-Pe,Pescara,PE,Abruzzo
14.06195,42.30238,Giardino Arabona Cda S.Maria Arabona Manoppello Scalo-Pe,Pescara,PE,Abruzzo
14.06227,42.3078,Parco Staccioli Via Campania Manoppello Scalo-Pe,Pescara,PE,Abruzzo
14.0629,42.30983,Parco Arabona Via F.P.Michetti Manoppello Scalo-Pe,Pescara,PE,Abruzzo
14.07109,42.31189,Parco Baden Powell Via N. Bixio Manoppello Scalo-Pe,Pescara,PE,Abruzzo
14.12154,42.3787,Parco Pubblico Via Valignani Cepagatti-Pe,Pescara,PE,Abruzzo
14.12334,42.38319,P.co Co.male G. Lattanzio V.Milano Villanova Cepagatti PE,Pescara,PE,Abruzzo
14.23542,42.45299,Parco D'Avalos Viale Della Pineta Pescara PE,Pescara,PE,Abruzzo
14.1395,42.45419,Parco Del Convento Via G. Fonzi Spoltore-Pe,Pescara,PE,Abruzzo
14.19587,42.45558,Parco Della Pace Via Aterno Pescara PE,Pescara,PE,Abruzzo
14.19895,42.46591,Parco Nicola Calipari Via Caduti Di Nassirya Pescara-PE,Pescara,PE,Abruzzo
14.21766,42.46719,Parco De Rises Via G. Puccini Pescara-Pe,Pescara,PE,Abruzzo
14.20521,42.47229,Parco Pubblico Pzza Santa Caterina Da Siena Pescara PE,Pescara,PE,Abruzzo
14.20723,42.4738,Parco Florida Vle R. Margherita Pescara PE,Pescara,PE,Abruzzo
14.1993,42.47583,Parco Villa Sabucchi Via G. Bovio Pescara-PE,Pescara,PE,Abruzzo
14.18369,42.49097,Parco Pubblico Via Acquacorrente Pescara PE,Pescara,PE,Abruzzo
14.13496,42.50018,Parco Pubblico V.S.Padre P.Da Pietralcina Montesilvano PE,Pescara,PE,Abruzzo
14.14875,42.52081,Parco Della Liberta' Via A. Moro Montesilvano PE,Pescara,PE,Abruzzo
14.12446,42.24707,Parco Nazionale Della Majella Roccamontepiano,Chieti,CH,Abruzzo
14.12806,41.94923,Parco Nazionale Della Majella Ss84 Palena,Chieti,CH,Abruzzo
14.12893,42.22526,Parco Nazionale Della Majella Ss614 Pretoro,Chieti,CH,Abruzzo
14.22179,41.92501,Parco Nazionale Della Majella Pizzoferrato,Chieti,CH,Abruzzo
14.4444,42.30756,Parco Pubblico Via Frentana San Vito Chietino CH,Chieti,CH,Abruzzo
14.73012,42.04792,Villa Comunale San Salvo (CH),Chieti,CH,Abruzzo
14.16497,42.34508,Villa Comunale Viale Iv Novembre Chieti,Chieti,CH,Abruzzo
14.4033,42.35238,Giardino Eden Cso G. Garibaldi Ortona CH,Chieti,CH,Abruzzo
14.28381,42.42318,Parco Arenazze,Chieti,CH,Abruzzo
14.18679,42.42345,Parcobaleno Corso Italia Sambuceto-CH,Chieti,CH,Abruzzo
14.18956,42.42556,Giardino R. Baden Powell Via S.Pertini Sambuceto-CH,Chieti,CH,Abruzzo
14.9939,41.99489,Parco Comunale di Termoli CB,Campobasso,CB,Molise
14.23124,41.59423,Giardini Pubblici Piazza Tullio Tedeschi Isernia,Isernia,IS,Molise
14.23155,41.59479,Parco della Rimembranza Isernia IS,Isernia,IS,Molise
13.88105,41.28953,Parco Regionale Del Roccamonfina Ss430 Sessa Aurunca,Caserta,CE,Campania
14.06678,41.25761,Parco Regionale Del Roccamonfina Ss608 Teano,Caserta,CE,Campania
14.06881,41.24877,Parco Regionale Del Roccamonfina Ss608 Teano,Caserta,CE,Campania
14.20505,40.97978,Parco S. Di Giacomo-Aversa-CE,Caserta,CE,Campania
14.23558,40.96029,Parco Comunale Di Cesa,Caserta,CE,Campania
14.20555,40.97359,Villa Comunale Di Aversa P.zza P. Amedeo Aversa Ce,Caserta,CE,Campania
14.20917,40.97639,Parco Pozzi Ex Campo Profughi Di Aversa Ce,Caserta,CE,Campania
14.25664,41.08406,Villa Comunale Via Alcide De Ga Santa Maria Capua Vetere,Caserta,CE,Campania
14.21486,41.10428,Giardino pubblico,Caserta,CE,Campania
14.3336,41.32693,Giardinetti Comunali Di Alife,Caserta,CE,Campania
14.37304,41.36127,Parco Regionale Del Matese Ss158dir Piedimonte Matese,Caserta,CE,Campania
14.36375,41.38116,Parco Regionale Del Matese Ss158dir San Gregorio Matese,Caserta,CE,Campania
14.53404,41.15084,Parco Regionale Taburno-Camposauro Sp48 Frasso Telesino,Benevento,BN,Campania
14.52403,41.21436,Parco Rio Cassano,Benevento,BN,Campania
14.53546,41.21934,Antiche Terme Jacobelli,Benevento,BN,Campania
14.52812,41.22139,Terme di Telese-Telese T.(BN)-Imp. Minieri>390824976735,Benevento,BN,Campania
14.51337,41.22487,Rio Grassano,Benevento,BN,Campania
14.5155,41.22549,Parco Rio Grassano Sp46 San Salvatore Telesino,Benevento,BN,Campania
14.49876,41.23797,P.co Bambinopoli-San Salvatore T.(BN),Benevento,BN,Campania
14.45176,41.2744,Parco Arenella-Faicchio (BN),Benevento,BN,Campania
14.704,41.01641,Parco Regionale Del Partenio Ss374 Pannarano,Benevento,BN,Campania
14.54829,41.03667,Parco Regionale Del Partenio Ss7 Arpaia,Benevento,BN,Campania
14.56031,41.04029,Parco Regionale Del Partenio Ss7 Arpaia,Benevento,BN,Campania
14.64459,41.10876,Parco Regionale Taburno-Camposauro Sp4 Tocco Caudio,Benevento,BN,Campania
14.78295,41.12886,Villa Comunale Di Benevento Piazza Castello Benevento,Benevento,BN,Campania
14.67413,41.15375,Parco Regionale Taburno-Camposauro Sp40 Foglianise,Benevento,BN,Campania
14.65297,41.16606,Parco Regionale Taburno-Camposauro Sp4 Vitulano,Benevento,BN,Campania
14.90981,41.29256,Giardini Pubblici -Molinara BN,Benevento,BN,Campania
14.54899,41.34085,Parco Regionale Del Matese Sp12 Pietraroja,Benevento,BN,Campania
14.73232,41.387,Villa comunale - S. Croce del Sannio BN,Benevento,BN,Campania
14.48066,40.69559,Giardini Pubblici Via Giuseppe M Castellammare Di Stabia,Napoli,NA,Campania
14.53223,40.70383,Parco Pubblico Loc. Depugliano Lettere Na,Napoli,NA,Campania
14.0604,40.81951,Casina Vanvitelliana,Napoli,NA,Campania
14.07349,40.84545,Parco Regionale Dei Campi Flegrei Via Monte Nuo Pozzuoli,Napoli,NA,Campania
14.0843,40.8482,Parco Regionale Dei Campi Flegrei Ss7quater Pozzuoli,Napoli,NA,Campania
14.11725,40.83034,Parco Cordiglia Via Campi Flegrei Pozzuoli,Napoli,NA,Campania
14.13494,40.82725,Parco Regionale Dei Campi Flegrei Via Solfatara Pozzuoli,Napoli,NA,Campania
14.18179,40.8003,Parco Virgiliano Viale Virgilio Napoli,Napoli,NA,Campania
14.1854,40.82141,Giardino Zoologico Viale John Fitzgerald Kennedy Napoli,Napoli,NA,Campania
14.1976,40.80511,Parco Delle Rondini Via Torre Ranieri Napoli,Napoli,NA,Campania
14.19931,40.80955,Parco Ruffo Privato,Napoli,NA,Campania
14.20002,40.80588,Parco Privato Di Via Belsito19 Bellissimo Parco,Napoli,NA,Campania
14.20146,40.80423,Giardini Pubblici,Napoli,NA,Campania
14.20514,40.81901,Parco Miranapoli Via Villanova Napoli,Napoli,NA,Campania
14.2115,40.82159,Parco Cafiero Via Nevio Napoli,Napoli,NA,Campania
14.22918,40.84252,Villa Floridiana Via Domenico Cimarosa Napoli,Napoli,NA,Campania
14.22947,40.84003,Villa Floridiana Via Aniello Falcone Napoli,Napoli,NA,Campania
14.24067,40.84391,Giardini Del Museo Di San Martino Napoli,Napoli,NA,Campania
14.24085,40.83206,Villa Comunale Piazza Vittoria Napoli,Napoli,NA,Campania
14.24394,40.84579,Parco Dei Quartieri Spagnoli Vico Trinita Delle M Napoli,Napoli,NA,Campania
14.25115,40.83599,Giardini Pubblici Via Ammiraglio Ferdinando Acton Napoli,Napoli,NA,Campania
14.31224,40.83246,Parco Pubblico Massimo Troisi Napoli,Napoli,NA,Campania
14.3339,40.832,Giardini di San Giorgio a Cremano,Napoli,NA,Campania
14.33661,40.83045,Villa Vannucchi Parco Pubblico (ingresso principale),Napoli,NA,Campania
14.33767,40.81179,Parco Inferiore Corso Umberto I Portici,Napoli,NA,Campania
14.33898,40.82925,Villa Vannucchi Parco Pubblico (ingresso secondario),Napoli,NA,Campania
14.33931,40.82824,Villa Bruno Parco Pubblico,Napoli,NA,Campania
14.33973,40.82827,Parco giochi per bambini,Napoli,NA,Campania
14.35192,40.81507,Parco Superiore Via Nuova Bellavista Portici,Napoli,NA,Campania
14.43851,40.76882,Villa Comunale Di Trecase - Parco Giochi Per Bambini,Napoli,NA,Campania
14.48546,40.84682,Parco Nazionale Del Vesuvio Ottaviano,Napoli,NA,Campania
14.48701,40.7761,Parco Nazionale Del Vesuvio Strada P Terzigno,Napoli,NA,Campania
14.49337,40.80664,Parco Nazionale Del Vesuvio Terzigno,Napoli,NA,Campania
14.03564,40.90703,Parco degli Uccelli>390815098360,Napoli,NA,Campania
14.0486,40.87686,Parco Regionale Dei Campi Flegrei Giugliano In Campania,Napoli,NA,Campania
14.06319,40.86827,Parco Regionale Dei Campi Flegrei Via Monte Nuo Pozzuoli,Napoli,NA,Campania
14.07433,40.85694,Parco Cuma Via Monte Nuovo Licola Patria Pozzuoli,Napoli,NA,Campania
14.08825,40.8614,Parco Regionale Dei Campi Flegrei Via Mon Monterusciello,Napoli,NA,Campania
14.12446,40.86742,Parco Regionale Dei Campi Flegrei Pozzuoli,Napoli,NA,Campania
14.13716,40.86433,Parco Regionale Dei Campi Flegrei Via Provincia Pozzuoli,Napoli,NA,Campania
14.19073,40.92887,Villa Comunale Corso Campano Giugliano In Campania,Napoli,NA,Campania
14.19127,40.92912,Villa Comunale Giugliano,Napoli,NA,Campania
14.19825,40.89722,Villa comunale del Ciaurro,Napoli,NA,Campania
14.2388,40.84835,Parco Viviani Napoli,Napoli,NA,Campania
14.33797,40.85847,parco ponticelli,Napoli,NA,Campania
14.26282,40.86021,Orto Botanico Via Foria Napoli,Napoli,NA,Campania
14.25201,40.86605,Parco Di Capodimonte Via Capodimonte Napoli,Napoli,NA,Campania
14.43688,40.86656,Parco Nazionale Del Vesuvio V Somma Vesuviana,Napoli,NA,Campania
14.23807,40.8671,Parco del Poggio - Colli Aminei - Napoli,Napoli,NA,Campania
14.2503,40.86983,Parco Di Capodimonte Napoli,Napoli,NA,Campania
14.23886,40.87488,Parco pubblico di via Nicolardi - Napoli,Napoli,NA,Campania
14.24892,40.87926,Parco Di Capodimonte Discesa Bellaria Napoli,Napoli,NA,Campania
14.21849,40.89363,Villa Comunale di Chiaiano - Napoli,Napoli,NA,Campania
14.2424,40.90037,Parco Scampia Viale Della Resistenza Napoli,Napoli,NA,Campania
14.40015,40.90399,Parco Pubblico Pomigliano D'arco,Napoli,NA,Campania
14.26916,40.91748,Parco Previdenza,Napoli,NA,Campania
14.52649,40.92356,Villa Comunale Piazza Ferrovia Nola,Napoli,NA,Campania
14.21896,40.95052,gloria village,Napoli,NA,Campania
15.01445,40.82154,Parco Regionale Dei Monti Picentini Ss164 Montella,Avellino,AV,Campania
14.93896,40.82386,Monte Terminio - Area Picnic Con Maneggio,Avellino,AV,Campania
14.97525,40.82838,Monte Terminio - Area Di Picnic,Avellino,AV,Campania
15.06981,40.83112,Parco Pubblico di Bagnoli Irpino,Avellino,AV,Campania
14.73588,40.86139,Villa Comunale di Forino AV,Avellino,AV,Campania
14.77415,40.86772,Villa Comunale di Contrada AV,Avellino,AV,Campania
14.7845,40.91239,Villa Comunale Corso Europa Avellino,Avellino,AV,Campania
14.78433,40.91342,Villa Comunale Corso Vittorio Emanuele Ii Avellino,Avellino,AV,Campania
14.67051,40.91394,Parco Regionale Del Partenio Ss7bis Monteforte Irpino,Avellino,AV,Campania
14.74777,40.91616,Parco Regionale Del Partenio Via Nicola Sant Mercogliano,Avellino,AV,Campania
14.872,40.92775,Villa Maffei Via Roma S.Potito Ultra AV,Avellino,AV,Campania
14.94328,40.94329,Parco Regionale Dei Monti Picen Chiusano Di San Domenico,Avellino,AV,Campania
14.71825,41.00423,Parco Regionale Del Partenio Ss374 Pietrastornina,Avellino,AV,Campania
15.17158,41.24798,Breggo - Villa comunale Greci,Avellino,AV,Campania
14.5277,40.74829,Parco Civico Roberto Wenner Scafati,Salerno,SA,Campania
15.62963,40.07397,Villa Comunale di Sapri SA,Salerno,SA,Campania
15.4308,40.09169,Parco Naz. Cilento E Vallo Di Diano Varian Roccagloriosa,Salerno,SA,Campania
15.33125,40.09717,Parco Naz. Cilento E Vallo Di Diano Ss447a Centola,Salerno,SA,Campania
15.50909,40.13048,Parco Naz. Cilento E Vallo Di Diano Ss517 Morigerati,Salerno,SA,Campania
15.60418,40.1421,Pineta San Vito -Tortorella SA,Salerno,SA,Campania
15.15614,40.18436,Parco Naz. Cilento E Vallo Di Diano Castelnuovo Cilento,Salerno,SA,Campania
15.13195,40.18661,Parco Naz. Cilento E Vallo Di Diano Ss267 Casal Velino,Salerno,SA,Campania
15.26314,40.22986,Parco Stella del Mattino Vallo della Lucania SA,Salerno,SA,Campania
14.98496,40.23514,Malzone Albino Appartamenti Nel Verde,Salerno,SA,Campania
15.10662,40.40089,Giardini panoramici di Trentinara SA,Salerno,SA,Campania
15.4502,40.43053,Parco Naz. Cilento E Vallo Di Diano Ss166 San Rufo,Salerno,SA,Campania
15.34402,40.45686,Giardini Pubblici con parco giochi piazza Ortale,Salerno,SA,Campania
15.48269,40.46898,Giardini Vecchi Comunali Sant'Arsenio SA,Salerno,SA,Campania
15.48314,40.47036,Giardini piazza Europa- Sant'Arsenio SA,Salerno,SA,Campania
15.27941,40.47444,Parco Naz. Cilento E Vallo Di Diano Sp12 Aquara,Salerno,SA,Campania
15.22422,40.49636,Parco Naz. Cilento E Vallo Di Diano Sp12 Castelcivita,Salerno,SA,Campania
14.87672,40.64199,Giardini Comunali piazza Europa -Pontecagnano SA,Salerno,SA,Campania
14.61013,40.64315,Villa Cimbrone- Ravello SA,Salerno,SA,Campania
14.87351,40.64451,Giardini Comunali via G.Marconi e G.Carducci-Pontecagnano,Salerno,SA,Campania
14.61223,40.64896,Villa Rufolo>39089857621,Salerno,SA,Campania
14.61271,40.64983,Giardini di Tolla -Ravello SA,Salerno,SA,Campania
14.90309,40.6613,Giardini Pubblici via Montegrappa Faiano SA,Salerno,SA,Campania
14.80615,40.66249,Parco Del Mercatello - Salerno,Salerno,SA,Campania
14.79835,40.66419,Villa Mariele Ventre Quartiere Pastena Salerno,Salerno,SA,Campania
14.79328,40.66512,Villa Carrara via VI settembre Salerno,Salerno,SA,Campania
15.4825,40.66941,Villa Comunale -Ricigliano SA,Salerno,SA,Campania
14.77689,40.67455,Giardini Pubblici via Vinciprova SA,Salerno,SA,Campania
14.79039,40.67582,Parco il Galiziano Via Virtuoso Salerno,Salerno,SA,Campania
14.75384,40.67913,Villa Comunale - Via Roma SA,Salerno,SA,Campania
14.77546,40.68431,Parco Pinocchio,Salerno,SA,Campania
14.77535,40.68865,Parco Irno ex Salid -Salerno,Salerno,SA,Campania
14.6633,40.74642,Parco Portaromana - Nocera Superiore,Salerno,SA,Campania
14.66503,40.74249,Parco Archeologico - Nocera Superiore,Salerno,SA,Campania
14.66793,40.74262,Parco S.M. Maggiore - Nocera Superiore,Salerno,SA,Campania
14.67148,40.74143,Villa Comunale - Nocera Superiore,Salerno,SA,Campania
14.67408,40.74753,Parco Viale Europa,Salerno,SA,Campania
14.68063,40.74081,Parco Via Kennedy - Nocera Superiore,Salerno,SA,Campania
14.69474,40.80254,Giardini comunali piazza Aldo Moro -Siano SA,Salerno,SA,Campania
14.73989,40.78008,Parco Santino Campana Mercato S.Severino SA,Salerno,SA,Campania
14.75582,40.782,Villa Comunale Liugi Cacciatori -Mercato San severino,Salerno,SA,Campania
14.76046,40.73031,Villa comunale di Capriglia via Migliaccio,Salerno,SA,Campania
14.76653,40.72021,Villa Comunale di Coperchia SA,Salerno,SA,Campania
14.76778,40.74534,Giardini di Villa Farina -Baronissi,Salerno,SA,Campania
14.77053,40.74686,Villa Comunale Corso Garibaldi- Baronissi,Salerno,SA,Campania
14.77243,40.74738,Parco Giochi Comunale -Baronissi,Salerno,SA,Campania
14.77251,40.72942,Parco Irno-Acquamela,Salerno,SA,Campania
14.77315,40.70331,Parco Filanda via Filanda loc.Capezzano SA,Salerno,SA,Campania
14.77541,40.70479,Parco Fluviale dell'Irno -accesso via della Quercia,Salerno,SA,Campania
14.77615,40.71504,Parco Fluviale dell'Irno accesso via Delle Fratte Lago,Salerno,SA,Campania
14.77755,40.69629,Villa comunale Fratte,Salerno,SA,Campania
14.7853,40.70095,Giardini Pubblici loc.Matierno SA,Salerno,SA,Campania
14.79555,40.76443,Oasi Vallecara,Salerno,SA,Campania
14.86834,40.71644,Prato Comunale Madonna del Carmelo (anche Parcheggio),Salerno,SA,Campania
14.87062,40.69572,Giardini Pubblici di Filetta SA,Salerno,SA,Campania
14.87539,40.72286,Parco Noschese San Cipriano Picentino SA,Salerno,SA,Campania
14.97986,40.69678,Parco Regionale Dei Monti Picentini Montecorvino Rovella,Salerno,SA,Campania
15.00389,40.68907,Parco Regionale Dei Monti Picentini Montecorvino Rovella,Salerno,SA,Campania
15.0566,40.73806,Parco della Colonia Montana via Duomo Acerno,Salerno,SA,Campania
15.05712,40.73584,Giardini Pubblici via Roma Acerno,Salerno,SA,Campania
15.27072,40.74097,Giardini Italiani Villa Ayala Valva SA,Salerno,SA,Campania
15.30953,40.78886,Villa Comunale di Laviano SA,Salerno,SA,Campania
15.55268,41.46189,Villa Comunale Piazza Cavour Foggia,Foggia,FG,Puglia
15.33141,41.50463,Parco Verde Vivo Via Appulo Sannitica Lucera,Foggia,FG,Puglia
15.3297,41.51081,Parco Comunale Viale Falcone E Borsellino Lucera,Foggia,FG,Puglia
15.58771,41.71577,Parco Nazionale Del Gargan San Marco In Lamis,Foggia,FG,Puglia
15.24283,41.9094,Parco Nazionale Del Gargano Ss1 Serracapriola,Foggia,FG,Puglia
15.90287,41.2643,Parco Della Rimembranza Viale Giuseppe Di Vitt Cerignola,Foggia,FG,Puglia
15.90322,41.26448,Villa Comunale Umberto I Corso Aldo Moro Cerignola,Foggia,FG,Puglia
15.71073,41.32576,Villa Comunale-Orta Nova-FG,Foggia,FG,Puglia
15.78365,41.5866,Parco Nazionale Del Gargano Ss89 Manfredonia,Foggia,FG,Puglia
15.92296,41.63011,Parco Delle Rimembranze Piazzale Silvio Ferr Manfredonia,Foggia,FG,Puglia
15.90132,41.63198,Parco Mezzanelle Viale Dei Bizantini Manfredonia,Foggia,FG,Puglia
15.91576,41.6361,Parco Lucania Via Tenente Raffaele Rosa Manfredonia,Foggia,FG,Puglia
15.91781,41.63629,Parco Campania Via Tenente Mauro Sinigaglia Manfredonia,Foggia,FG,Puglia
15.91524,41.63713,Parco Sicilia Parco Sicilia Manfredonia,Foggia,FG,Puglia
15.91524,41.64007,Parco Calabria Via Tenente Troiano Manfredonia,Foggia,FG,Puglia
16.10527,41.73466,Parco Nazionale Del Gargano,Foggia,FG,Puglia
15.68968,41.85052,Parco Nazionale Del Gargano Cagnano Varano,Foggia,FG,Puglia
16.17444,41.86597,Parco Nazionale Del Gargano,Foggia,FG,Puglia
15.60488,41.92073,Parco Nazionale Del Ga San Nicandro Garganico,Foggia,FG,Puglia
15.97996,41.93497,Parco Nazionale Del Gargano Vico Del Gargano,Foggia,FG,Puglia
16.41563,40.82278,Pineta Parco Robinson Via Ludovico Mai Gravina In Puglia,Bari,BA,Puglia
16.41012,41.14429,Parco Corato Via Sant'elia Corato,Bari,BA,Puglia
16.41254,41.14722,Piazza Giorgio Almirante Piazza Giorgio Almirante Corato,Bari,BA,Puglia
16.54318,40.96699,Bosco Comunale Di Bitonto Strada Vicinale Murgia Bitonto,Bari,BA,Puglia
16.55906,40.81805,Parco Via Manzoni,Bari,BA,Puglia
16.60172,41.20285,Villa Garibaldi Piazza Giuseppe Garibaldi Molfetta,Bari,BA,Puglia
16.60309,41.19683,Parco Pubblico Alcide De Gasperi Piazza Alcide Molfetta,Bari,BA,Puglia
16.69577,41.11256,Villa Comunale Viale Giovanni Xxiii Bitonto,Bari,BA,Puglia
16.70074,40.89434,Foresta Di Mercadante,Bari,BA,Puglia
16.782,41.08359,Parchetto-Modugno-BA,Bari,BA,Puglia
16.78812,41.07941,Parco Padre Pio Via Giovanni Verga Modugno,Bari,BA,Puglia
16.79619,41.12028,Piazza Giuseppe Romita Piazza Giuseppe Romita San Paolo,Bari,BA,Puglia
16.8302,41.13058,Parco San Francesco All'arena Via Napoli Bari,Bari,BA,Puglia
16.86347,41.00256,Parco Giardino,Bari,BA,Puglia
16.86556,41.0643,Giardini Piazza Vittorio Emanuele Piazz Ceglie Del Campo,Bari,BA,Puglia
16.86898,41.12062,Piazza Umberto I Piazza Umberto I Bari,Bari,BA,Puglia
16.87018,41.07342,Piazza Umberto I Piazza Umberto I Carbonara Di Bari,Bari,BA,Puglia
16.87476,41.10239,BARI Parco Due Giugno,Bari,BA,Puglia
16.88871,41.11925,Piazza Antonio Gramsci Piazza Antonio Gramsci Bari,Bari,BA,Puglia
16.91486,40.96436,Via A. M. Pesce Casamassima (Ba),Bari,BA,Puglia
16.91684,40.95342,Villa comunale Casamassima (BA),Bari,BA,Puglia
16.91752,40.96419,Via G. Di Vittorio Casamassima (BA),Bari,BA,Puglia
16.91806,40.79444,Giardino Papa Paolo Vi,Bari,BA,Puglia
16.9225,40.79528,Giardino C. Pinto,Bari,BA,Puglia
16.92383,40.94842,via Tagliamento Casamassima (BA),Bari,BA,Puglia
16.92773,40.96522,Centro Commerciale Auchan Casamassima (Ba),Bari,BA,Puglia
16.92887,40.9553,via A. Mariano Casamassima (Ba),Bari,BA,Puglia
17.11008,40.85705,Ci Sono Anche Delle Caratteristiche Grotte,Bari,BA,Puglia
17.30038,40.95428,Largo Fontanelle Cala Fontanelle Monopoli,Bari,BA,Puglia
17.23841,40.47259,Giardini Di Piazza Garibaldi Piazza Giuseppe Gar Taranto,Taranto,TA,Puglia
17.24047,40.4738,Giardini Peripato Via Ciro Giovinazzi Taranto,Taranto,TA,Puglia
17.258,40.4525,Giardini Virgilio,Taranto,TA,Puglia
17.33488,40.70777,Villa Carmine Via Giovanni Battista Pergo Martina Franca,Taranto,TA,Puglia
17.33986,40.70227,Piazza Vittorio Veneto Piazza Vittorio Ve Martina Franca,Taranto,TA,Puglia
17.34003,40.70399,Villa Garibaldi Corso Italia Martina Franca,Taranto,TA,Puglia
17.92127,40.6271,Parco Comunale Cesare Braico Via Appia Brindisi,Brindisi,BR,Puglia
17.94737,40.64408,Giardini Del Monumento Al Marinaio Via Ammiragl Brindisi,Brindisi,BR,Puglia
17.40559,40.875,Parco Donna Luna-Savelletri,Brindisi,BR,Puglia
17.57933,40.72991,Parco Rimembranze Corso Maggiore Antonio Ayroldi Ostuni,Brindisi,BR,Puglia
18.17378,40.35501,Giardini Pubblici Viale Xxv Luglio Lecce,Lecce,LE,Puglia
18.2298,40.22147,Villa Comunale Sternatia,Lecce,LE,Puglia
18.27609,40.2545,Parco Giochi Comunale Calimera LE,Lecce,LE,Puglia
16.07864,41.21391,Parco Almirante Canosa Di Puglia,Barletta-Andria-Trani,BT,Puglia
16.05957,41.21482,Villetta Di Costantinopoli Canosa Di Puglia,Barletta-Andria-Trani,BT,Puglia
16.0656,41.22137,Villetta Petroni,Barletta-Andria-Trani,BT,Puglia
16.06722,41.22278,Villa Comunale Di Canosa,Barletta-Andria-Trani,BT,Puglia
16.49649,41.22858,Parco Sant'andrea Carrara Lamaveta Bisceglie,Barletta-Andria-Trani,BT,Puglia
16.30352,41.23083,Parco Iv Novembre Corso Cavour Andria,Barletta-Andria-Trani,BT,Puglia
16.30455,41.23133,Parco Comunale Andria,Barletta-Andria-Trani,BT,Puglia
16.50164,41.24044,Piazza Vittorio Emanuele Piazza Vittorio Emanu Bisceglie,Barletta-Andria-Trani,BT,Puglia
16.42456,41.2789,Villa Comunale Trani,Barletta-Andria-Trani,BT,Puglia
16.06974,41.29949,Parco Comunale Giuseppe Di Vitt San Ferdinando Di Puglia,Barletta-Andria-Trani,BT,Puglia
16.27964,41.31253,Orto botanico Barletta,Barletta-Andria-Trani,BT,Puglia
16.27024,41.31409,Villa Bonelli Via Canosa Barletta,Barletta-Andria-Trani,BT,Puglia
15.75461,40.56103,Rifugio Del Pescatore-C/da Fontana Arciprete-Pignola Pz,Potenza,PZ,Basilicata
15.7985,40.63362,Parco Pubblico Montereale Potenza,Potenza,PZ,Basilicata
15.80348,40.63515,Parco Del Seminario Viale Guglielmo Marconi Potenza,Potenza,PZ,Basilicata
15.80434,40.64426,Parco Comunale Villa Santa Maria Via Ettore Cicc Potenza,Potenza,PZ,Basilicata
15.88707,40.28225,Parco Comunale di Grumento PZ,Potenza,PZ,Basilicata
15.94408,40.01324,Parco Nazionale Del Po Castelluccio Superiore,Potenza,PZ,Basilicata
16.06114,40.0704,Parco Nazionale Del Pollino Ss653 Episcopia,Potenza,PZ,Basilicata
16.33555,40.18228,Parco Nazionale Del Pollino Ss653 Senise,Potenza,PZ,Basilicata
15.49988,40.81146,Cascate U Uattenniere>390971489439,Potenza,PZ,Basilicata
16.03008,40.84629,Parco Delle Rimembranze Via Umberto I Genzano Di Lucania,Potenza,PZ,Basilicata
16.11765,40.53293,Parco faunistico Gallipoli-Cognato,Matera,MT,Basilicata
16.41868,40.16188,Parco Nazionale Del Pollino Ss653 Valsinni,Matera,MT,Basilicata
16.52172,40.65834,Parco Naturale Del Materano Strada Provinciale Ma Matera,Matera,MT,Basilicata
16.5944,40.68312,Parco Naturale Del Materano Ss7 Matera,Matera,MT,Basilicata
16.64068,40.61697,Parco Naturale Del Materano Matera,Matera,MT,Basilicata
16.68205,40.6743,Parco Naturale Del Materano Ss7 Matera,Matera,MT,Basilicata
16.24962,39.2993,Parco Emilio Morrone Via Roma Cosenza,Cosenza,CS,Calabria
16.25324,39.3082,Parco Grazia Deledda Cosenza,Cosenza,CS,Calabria
16.33971,39.23971,Piazza Guarno,Cosenza,CS,Calabria
16.54198,39.42081,Parco Nazionale Della Calabria Ss177 Acri,Cosenza,CS,Calabria
16.54541,39.3791,Parco Nazionale Della Cal Spezzano Della Sila,Cosenza,CS,Calabria
16.54833,39.38916,Parco Nazionale Della Calabria Ss1 Longobucco,Cosenza,CS,Calabria
15.89395,39.61241,Parco Nazionale Del Pollino Ss105 Sangineto,Cosenza,CS,Calabria
16.14286,39.84088,Parco Nazionale Del Pollino Ss Morano Calabro,Cosenza,CS,Calabria
16.15402,39.85908,Parco Nazionale Del Pollino Morano Calabro,Cosenza,CS,Calabria
16.25683,39.83248,Parco Nazionale Del Pollino Ss105 Frascineto,Cosenza,CS,Calabria
16.39982,40.02833,Parco Nazionale Del Pollino Ss481 Castroregio,Cosenza,CS,Calabria
16.51899,39.59803,Villa Margherita,Cosenza,CS,Calabria
16.52136,39.62989,Parco Comunale,Cosenza,CS,Calabria
16.60461,39.4313,Parco Nazionale Della Calabria Ss1 Longobucco,Cosenza,CS,Calabria
16.28227,38.96256,Giardini Via Gramsci,Catanzaro,CZ,Calabria
16.28567,38.96725,Giardini Di Piazza Garibaldi,Catanzaro,CZ,Calabria
16.30114,38.95787,Parco Via Perugini,Catanzaro,CZ,Calabria
16.31341,38.97444,Parco Fluviale,Catanzaro,CZ,Calabria
16.31627,38.97313,Giardini Piazza D'armi,Catanzaro,CZ,Calabria
16.31686,38.9671,Parco Pubblico,Catanzaro,CZ,Calabria
16.56746,39.07162,Parco Sila - SS179DIR Contrada Monaca,Catanzaro,CZ,Calabria
16.58157,38.91806,Parco Delle Biodiversita' Della Scuola Agraria Catanzaro,Catanzaro,CZ,Calabria
15.6392,38.10453,Villa Comunale Corso Giuseppe Garibal Reggio Di Calabria,Reggio di Calabria,RC,Calabria
15.65482,38.115,Parco Caserta Via Carlo Rosselli Reggio Di Calabria,Reggio di Calabria,RC,Calabria
15.81704,38.01971,Parco Nazionale Dell'aspromonte Ss18 Bagaladi,Reggio di Calabria,RC,Calabria
15.81748,38.01406,Parco Nazionale Dell'aspromonte S San Lorenzo,Reggio di Calabria,RC,Calabria
15.83421,38.16461,Parco Nazionale D Santo Stefano In Aspromonte,Reggio di Calabria,RC,Calabria
15.83576,38.13269,Parco Nazionale Dell'aspro Reggio Di Calabria,Reggio di Calabria,RC,Calabria
15.90151,38.15586,Parco Nazionale Della Calabria Cosoleto,Reggio di Calabria,RC,Calabria
15.99402,38.26401,Parco Nazionale Dell'aspromo Oppido Mamertina,Reggio di Calabria,RC,Calabria
16.05034,38.21337,Parco Nazionale Dell'aspromonte Ss112 Plati,Reggio di Calabria,RC,Calabria
16.14418,38.40979,Parco Nazionale Dell'aspromonte Cinquefrondi,Reggio di Calabria,RC,Calabria
16.20191,38.36082,Parco Nazionale Dell'aspromonte Ss281 Mammola,Reggio di Calabria,RC,Calabria
16.22063,38.26744,Parco Nazionale Dell'aspromonte Ss111 Gerace,Reggio di Calabria,RC,Calabria
16.47802,38.40307,Dimora Settecentesca Villa Caristo Patrimonio Architett,Reggio di Calabria,RC,Calabria
17.0393,39.45016,Villa Comunale (Laudano),Crotone,KR,Calabria
12.51599,38.01647,Villa Margherita Via Osorio Trapani,Trapani,TP,Sicilia
12.51564,38.01848,Ingresso Villa Margherita Lato Viale Regina Margherita,Trapani,TP,Sicilia
12.54103,38.01869,Ingresso Villa Pepoli Lato Largo Madonna,Trapani,TP,Sicilia
12.54097,38.01943,Ingresso Villa Pepoli Lato Via Conte Agostino Pepoli,Trapani,TP,Sicilia
12.87985,38.02647,Villa Comunale - Castellammare Del Golfo,Trapani,TP,Sicilia
12.58861,38.03552,Villa Comunale Balio - Erice,Trapani,TP,Sicilia
12.58986,38.03633,Villa Comunale Balio - Erice,Trapani,TP,Sicilia
14.15657,37.80344,Parco Regionale Delle Madonie Ss120 Geraci Siculo,Palermo,PA,Sicilia
13.90336,37.84309,Parco Regionale Delle Madonie Sp24 Caltavuturo,Palermo,PA,Sicilia
13.91864,37.84309,Parco Regionale Delle Madonie Scillato,Palermo,PA,Sicilia
14.13321,37.89218,Parco Regionale Delle Madonie Ss286 Geraci Siculo,Palermo,PA,Sicilia
13.91915,37.90781,Parco Regionale Delle Madonie Sp9bis Collesano,Palermo,PA,Sicilia
14.09906,37.96308,Parco Regionale Delle Madonie Ss286 Pollina,Palermo,PA,Sicilia
14.09768,38.00101,Parco Regionale Delle Madonie Ss286 Pollina,Palermo,PA,Sicilia
13.22896,38.06642,Palermo Localita Pioppo,Palermo,PA,Sicilia
13.16171,38.10579,Pineta Santa Venere - area attrezzata - carini,Palermo,PA,Sicilia
13.35354,38.10934,Parco D'orleans Corso Re Ruggero Palermo,Palermo,PA,Sicilia
13.3731,38.1138,Orto Botanico Palermo,Palermo,PA,Sicilia
13.37481,38.11465,Villa Giulia Via Lincoln Palermo,Palermo,PA,Sicilia
13.36812,38.1174,Villa Garibaldi Piazza Marina Palermo,Palermo,PA,Sicilia
13.34615,38.1282,Villa Trabia Palermo,Palermo,PA,Sicilia
13.35114,38.13166,Giardino Inglese Palermo,Palermo,PA,Sicilia
13.34204,38.13784,Villa Sperlinga Viale Francesco Scaduto Palermo,Palermo,PA,Sicilia
14.38488,37.87176,Parco Regionale Dei Nebrodi Ss117 Mistretta,Messina,ME,Sicilia
14.67378,37.87348,Parco Regionale Dei Nebrodi Ss289 Cesaro,Messina,ME,Sicilia
14.95973,37.93986,Parco Regionale Dei Nebrodi Ss11 Santa Domenica Vittoria,Messina,ME,Sicilia
14.96045,37.94815,Parco Regionale Dei Nebrodi Ss11 Santa Domenica Vittoria,Messina,ME,Sicilia
14.5804,38.03895,Parco Regionale Dei Nebrodi Ss289 San Fratello,Messina,ME,Sicilia
15.17606,37.87911,Gole Alcantara Parco Bot e Geo-Motta C.-ME>390942985174,Messina,ME,Sicilia
13.08682,37.50596,Giardini Comunali,Agrigento,AG,Sicilia
13.08175,37.51156,Giardino Comunale Quartiere San Michele,Agrigento,AG,Sicilia
14.39485,37.74661,Villa Comunale A. Burrafato - Nicosia (EN),Enna,EN,Sicilia
15.08347,37.51113,Villa Bellini Via Domenico Cimarosa Catania,Catania,CT,Sicilia
15.14146,37.5746,Villa Filangeri S. Nicolo',Catania,CT,Sicilia
15.0957,37.57653,Villa Comunale di San Giovanni La Punta CT,Catania,CT,Sicilia
15.10592,37.5982,Villa Comunale di Aci Bonaccorsi CT,Catania,CT,Sicilia
15.12947,37.60871,Villa Comunale di Aci Sant'Antonio CT,Catania,CT,Sicilia
15.09977,37.6108,Villa Comunale di Viagrande CT,Catania,CT,Sicilia
15.09179,37.61631,Casa delle Farfalle - Parco Monteserra,Catania,CT,Sicilia
15.07859,37.61762,Parco Comunale - Trecastagni (CT),Catania,CT,Sicilia
15.00657,37.62184,Monti Rossi Adventure Park Nicolosi CT>393887553812,Catania,CT,Sicilia
15.0002,37.63264,Parco Nazionale Dell'etna Sp92 Nicolosi,Catania,CT,Sicilia
15.13029,37.66334,Parco Oasi Cosentini,Catania,CT,Sicilia
15.08491,37.68843,Parco Nazionale Dell'etna Sp92 Zafferana Etnea,Catania,CT,Sicilia
15.1072,37.69221,Giardino pubblico Comunale-Zafferana Etnea-CT,Catania,CT,Sicilia
15.10624,37.69467,Parco Comunale con Anfiteatro - Zafferana Etnea,Catania,CT,Sicilia
14.83944,37.71881,Parco Nazionale Dell'etna Adrano,Catania,CT,Sicilia
15.11182,37.73163,Parco Scarbaglio - Milo (CT),Catania,CT,Sicilia
14.81317,37.73392,Parco Nazionale Dell'etna Sp121 Bronte,Catania,CT,Sicilia
14.902,37.83369,Parco Nazionale Dell'etna Ss284 Bronte,Catania,CT,Sicilia
14.84595,37.85356,Parco Nazionale Dell'etna Ss120 Bronte,Catania,CT,Sicilia
14.9256,37.8618,Parco Nazionale Dell'etna Ss284 Randazzo,Catania,CT,Sicilia
15.14342,37.60315,Villa Comunale Acicatena,Catania,CT,Sicilia
15.16787,37.61982,Villa Comunale Di Acireale - Piazza Indirizzo Acireal Ct,Catania,CT,Sicilia
15.1989,37.72966,Giardino pubblico Villa Pantano - Riposto (CT),Catania,CT,Sicilia
14.84672,36.72603,Parco Comunale Via Pasubio Pozzallo RG,Ragusa,RG,Sicilia
14.70235,36.7894,Villa Penna,Ragusa,RG,Sicilia
14.76321,36.84214,Verde Pubblico Sacro Cuore,Ragusa,RG,Sicilia
14.56441,36.88163,Parco Di Donnafugata Cda Donnafugata Ragusa RG,Ragusa,RG,Sicilia
14.72347,36.9242,Villa Margherita - Ragusa,Ragusa,RG,Sicilia
14.74761,36.92555,Giardino Ibleo - Ragusa Ibla,Ragusa,RG,Sicilia
14.71479,36.92617,Villa Santa Domenica - Ragusa,Ragusa,RG,Sicilia
8.55149,40.7081,Parco Di Monserrato- Sassari,Sassari,SS,Sardegna
8.55944,40.72389,Giardini Pubblici - Sassari,Sassari,SS,Sardegna
9.44291,41.21606,Parco Nazionale Arcip. La Maddalena Sp53 La Maddalena,Sassari,SS,Sardegna
8.87893,40.34908,Badde Salighes - Villa Piercy,Nuoro,NU,Sardegna
9.13805,39.21604,Parco Di Monte Urpinu Viale Europa Cagliari,Cagliari,CA,Sardegna
9.11007,39.22085,Orto Botanico Cagliari,Cagliari,CA,Sardegna
9.11797,39.22377,Giardini Pubblici Viale San Vincenzo Cagliari,Cagliari,CA,Sardegna
9.12628,39.23103,Parco via Filippo Figari,Cagliari,CA,Sardegna
9.18248,39.24249,Parco comunale,Cagliari,CA,Sardegna
9.11246,39.24256,Parco E Castello San Michele,Cagliari,CA,Sardegna
9.2031,39.24351,Parco Delle Stagioni Via Sant'antonio Quartu Sant'elena,Cagliari,CA,Sardegna
9.13933,39.24379,Parco di Terramani,Cagliari,CA,Sardegna
9.00562,39.36041,Giardino Megalitico San Sperate CA,Sud Sardegna,SU,Sardegna
9.02551,39.36369,Bosco Pixinortu,Sud Sardegna,SU,Sardegna
8.89968,39.3923,Parco comunale Su Padru,Sud Sardegna,SU,Sardegna
8.97925,39.70151,Parco Sardegna in Miniatura Barumini-Tuili,Sud Sardegna,SU,Sardegna
12.49162,43.98102,Parco Ausa Serravalle,San Marino (Estero),RSM,Estero
12.47525,43.96622,Parco Aiala Serravalle Rsm,San Marino (Estero),RSM,Estero
12.44069,43.9519,Parco Passo Del Sorbo - Ventoso Rsm,San Marino (Estero),RSM,Estero
9.39828,41.21023,Parco Nazionale Arcip. La Maddalena La Maddalena,Sassari,SS,Sardegna
